Date,OPEN,HIGH,LOW,LAST_PRICE
8/4/2015 9:30,15.89,16,15.761,15.8799
8/4/2015 10:00,15.88,15.935,15.7,15.73
8/4/2015 10:30,15.74,15.99,15.715,15.955
8/4/2015 11:00,15.95,15.96,15.825,15.83
8/4/2015 11:30,15.83,15.89,15.79,15.822
8/4/2015 12:00,15.82,15.85,15.73,15.85
8/4/2015 12:30,15.84,15.935,15.8,15.89
8/4/2015 13:00,15.89,15.93,15.78,15.795
8/4/2015 13:30,15.79,15.975,15.74,15.96
8/4/2015 14:00,15.95,16.14,15.93,15.998
8/4/2015 14:30,16,16.025,15.76,15.78
8/4/2015 15:00,15.78,15.86,15.76,15.79
8/4/2015 15:30,15.79,15.96,15.74,15.83
8/4/2015 16:00,15.83,15.83,15.83,15.83
8/5/2015 9:30,15.79,15.79,15.55,15.61
8/5/2015 10:00,15.605,15.66,15.51,15.525
8/5/2015 10:30,15.525,15.64,15.48,15.63
8/5/2015 11:00,15.63,15.6599,15.53,15.54
8/5/2015 11:30,15.54,15.73,15.515,15.7
8/5/2015 12:00,15.6999,15.76,15.63,15.73
8/5/2015 12:30,15.73,15.85,15.69,15.729
8/5/2015 13:00,15.73,15.95,15.73,15.83
8/5/2015 13:30,15.8299,15.9,15.77,15.8
8/5/2015 14:00,15.81,15.84,15.7,15.71
8/5/2015 14:30,15.711,15.79,15.65,15.71
8/5/2015 15:00,15.7,15.71,15.62,15.6599
8/5/2015 15:30,15.6501,15.745,15.65,15.715
8/5/2015 16:00,15.715,15.715,15.715,15.715
8/6/2015 9:30,15.745,16.01,15.73,15.97
8/6/2015 10:00,15.97,16.0701,15.92,16.06
8/6/2015 10:30,16.06,16.07,15.89,15.999
8/6/2015 11:00,16,16.26,15.99,16.24
8/6/2015 11:30,16.23,16.56,16.21,16.515
8/6/2015 12:00,16.52,16.54,16.3801,16.44
8/6/2015 12:30,16.4301,16.6,16.4,16.48
8/6/2015 13:00,16.48,16.51,16.25,16.26
8/6/2015 13:30,16.26,16.38,16.21,16.3799
8/6/2015 14:00,16.38,16.43,16.23,16.2401
8/6/2015 14:30,16.24,16.34,16.18,16.3
8/6/2015 15:00,16.3,16.46,16.2621,16.4599
8/6/2015 15:30,16.46,16.52,16.23,16.28
8/6/2015 16:00,16.28,16.28,16.28,16.28
8/7/2015 9:30,16.24,16.38,16.03,16.08
8/7/2015 10:00,16.0801,16.35,16.08,16.315
8/7/2015 10:30,16.33,16.36,16.095,16.26
8/7/2015 11:00,16.27,16.49,16.17,16.46
8/7/2015 11:30,16.46,16.565,16.39,16.43
8/7/2015 12:00,16.44,16.47,16.3249,16.43
8/7/2015 12:30,16.425,16.525,16.4,16.45
8/7/2015 13:00,16.45,16.61,16.44,16.5501
8/7/2015 13:30,16.56,16.56,16.37,16.44
8/7/2015 14:00,16.44,16.51,16.4,16.46
8/7/2015 14:30,16.455,16.46,16.33,16.33
8/7/2015 15:00,16.33,16.41,16.15,16.17
8/7/2015 15:30,16.17,16.23,16.11,16.13
8/7/2015 16:00,16.13,16.13,16.13,16.13
8/10/2015 9:30,15.74,15.74,15.57,15.61
8/10/2015 10:00,15.61,15.63,15.57,15.61
8/10/2015 10:30,15.61,15.69,15.55,15.58
8/10/2015 11:00,15.57,15.59,15.51,15.57
8/10/2015 11:30,15.57,15.63,15.52,15.615
8/10/2015 12:00,15.6192,15.64,15.585,15.6032
8/10/2015 12:30,15.6,15.629,15.56,15.58
8/10/2015 13:00,15.58,15.6,15.52,15.535
8/10/2015 13:30,15.53,15.57,15.53,15.54
8/10/2015 14:00,15.5406,15.59,15.51,15.54
8/10/2015 14:30,15.54,15.58,15.52,15.555
8/10/2015 15:00,15.55,15.559,15.51,15.52
8/10/2015 15:30,15.52,15.61,15.51,15.54
8/10/2015 16:00,15.54,15.54,15.54,15.54
8/11/2015 9:30,16.13,16.22,15.9808,16.11
8/11/2015 10:00,16.1099,16.16,15.91,15.98
8/11/2015 10:30,15.98,16.15,15.96,16.15
8/11/2015 11:00,16.15,16.35,16.095,16.33
8/11/2015 11:30,16.34,16.48,16.28,16.45
8/11/2015 12:00,16.45,16.45,16.295,16.31
8/11/2015 12:30,16.31,16.42,16.21,16.4
8/11/2015 13:00,16.4,16.5,16.35,16.3901
8/11/2015 13:30,16.39,16.47,16.3,16.455
8/11/2015 14:00,16.46,16.555,16.395,16.45
8/11/2015 14:30,16.45,16.54,16.36,16.405
8/11/2015 15:00,16.4,16.45,16.325,16.34
8/11/2015 15:30,16.346,16.415,16.18,16.22
8/11/2015 16:00,16.22,16.22,16.22,16.22
8/12/2015 9:30,17.1,17.41,16.96,17.025
8/12/2015 10:00,17.02,17.39,17.005,17.235
8/12/2015 10:30,17.2349,17.37,17.12,17.32
8/12/2015 11:00,17.31,17.3192,17.05,17.08
8/12/2015 11:30,17.0801,17.23,17.0234,17.1799
8/12/2015 12:00,17.18,17.31,17.025,17.025
8/12/2015 12:30,17.02,17.05,16.66,16.775
8/12/2015 13:00,16.775,16.795,16.57,16.68
8/12/2015 13:30,16.68,16.74,16.396,16.47
8/12/2015 14:00,16.47,16.61,16.42,16.57
8/12/2015 14:30,16.57,16.59,16.22,16.241
8/12/2015 15:00,16.24,16.29,16.115,16.125
8/12/2015 15:30,16.125,16.27,16.08,16.24
8/12/2015 16:00,16.229,16.229,16.229,16.229
8/13/2015 9:30,16.07,16.34,16.03,16.23
8/13/2015 10:00,16.2332,16.4,16.215,16.26
8/13/2015 10:30,16.27,16.31,15.981,16.07
8/13/2015 11:00,16.08,16.18,15.99,16.04
8/13/2015 11:30,16.05,16.07,15.89,15.91
8/13/2015 12:00,15.9,15.93,15.79,15.83
8/13/2015 12:30,15.83,15.93,15.82,15.87
8/13/2015 13:00,15.87,15.94,15.8,15.94
8/13/2015 13:30,15.94,16.05,15.9,15.94
8/13/2015 14:00,15.95,15.99,15.84,15.855
8/13/2015 14:30,15.85,15.9,15.81,15.82
8/13/2015 15:00,15.82,15.97,15.81,15.95
8/13/2015 15:30,15.935,16.08,15.93,16.03
8/13/2015 16:00,16.03,16.03,16.03,16.03
8/14/2015 9:30,15.995,16.03,15.85,15.9099
8/14/2015 10:00,15.905,16.04,15.86,16.03
8/14/2015 10:30,16.03,16.16,15.96,16.12
8/14/2015 11:00,16.13,16.24,16.08,16.088
8/14/2015 11:30,16.0844,16.14,15.98,16.0301
8/14/2015 12:00,16.03,16.1389,16.02,16.06
8/14/2015 12:30,16.065,16.12,16,16.05
8/14/2015 13:00,16.05,16.09,15.97,16.01
8/14/2015 13:30,16.01,16.1,15.965,16.08
8/14/2015 14:00,16.08,16.11,16.03,16.095
8/14/2015 14:30,16.099,16.11,16.02,16.08
8/14/2015 15:00,16.07,16.075,15.93,15.95
8/14/2015 15:30,15.95,16.05,15.94,16
8/14/2015 16:00,16,16,16,16
8/17/2015 9:30,16.16,16.34,16.13,16.18
8/17/2015 10:00,16.19,16.225,15.88,15.952
8/17/2015 10:30,15.95,16.03,15.83,15.85
8/17/2015 11:00,15.85,15.88,15.78,15.86
8/17/2015 11:30,15.86,15.9,15.8,15.84
8/17/2015 12:00,15.84,15.89,15.81,15.84
8/17/2015 12:30,15.84,15.85,15.77,15.77
8/17/2015 13:00,15.77,15.84,15.765,15.79
8/17/2015 13:30,15.79,15.82,15.78,15.82
8/17/2015 14:00,15.81,15.84,15.77,15.82
8/17/2015 14:30,15.82,15.87,15.78,15.85
8/17/2015 15:00,15.841,15.86,15.8,15.815
8/17/2015 15:30,15.815,15.87,15.77,15.81
8/17/2015 16:00,15.8108,15.8108,15.8108,15.8108
8/18/2015 9:30,15.87,16,15.85,15.92
8/18/2015 10:00,15.92,15.96,15.77,15.83
8/18/2015 10:30,15.83,15.87,15.71,15.742
8/18/2015 11:00,15.75,15.87,15.74,15.87
8/18/2015 11:30,15.87,15.96,15.85,15.895
8/18/2015 12:00,15.8999,15.92,15.845,15.88
8/18/2015 12:30,15.87,16.01,15.86,16
8/18/2015 13:00,16,16.055,15.98,15.98
8/18/2015 13:30,15.99,16.05,15.96,15.98
8/18/2015 14:00,15.98,16.04,15.92,15.95
8/18/2015 14:30,15.95,16.04,15.94,16.03
8/18/2015 15:00,16.03,16.07,16,16.03
8/18/2015 15:30,16.03,16.08,15.94,15.98
8/18/2015 16:00,15.98,15.98,15.98,15.98
8/19/2015 9:30,16.2,16.47,16.2,16.43
8/19/2015 10:00,16.43,16.465,16.26,16.345
8/19/2015 10:30,16.345,16.6,16.345,16.54
8/19/2015 11:00,16.53,16.65,16.42,16.57
8/19/2015 11:30,16.57,16.69,16.52,16.55
8/19/2015 12:00,16.55,16.59,16.46,16.5
8/19/2015 12:30,16.4901,16.52,16.36,16.43
8/19/2015 13:00,16.43,16.47,16.2699,16.4
8/19/2015 13:30,16.4,16.45,16.18,16.31
8/19/2015 14:00,16.31,16.32,15.81,15.995
8/19/2015 14:30,15.992,16.4,15.97,16.35
8/19/2015 15:00,16.345,16.47,16.2832,16.355
8/19/2015 15:30,16.359,16.38,16.14,16.2892
8/19/2015 16:00,16.2892,16.2892,16.2892,16.2892
8/20/2015 9:30,16.99,17.0599,16.77,17.03
8/20/2015 10:00,17.02,17.255,16.96,17.22
8/20/2015 10:30,17.22,17.26,16.96,17.11
8/20/2015 11:00,17.115,17.25,17.03,17.13
8/20/2015 11:30,17.12,17.24,17.09,17.09
8/20/2015 12:00,17.1,17.41,17.09,17.39
8/20/2015 12:30,17.39,17.57,17.305,17.55
8/20/2015 13:00,17.56,17.58,17.19,17.27
8/20/2015 13:30,17.27,17.37,17.17,17.2
8/20/2015 14:00,17.1999,17.46,17.185,17.46
8/20/2015 14:30,17.44,17.705,17.44,17.64
8/20/2015 15:00,17.63,17.67,17.47,17.47
8/20/2015 15:30,17.475,17.82,17.335,17.6499
8/20/2015 16:00,17.6499,17.6499,17.6499,17.6499
8/21/2015 9:30,18.62,18.8201,18.3,18.4901
8/21/2015 10:00,18.49,18.79,18.07,18.77
8/21/2015 10:30,18.77,19.37,18.7,19.2611
8/21/2015 11:00,19.2611,20,19.25,19.71
8/21/2015 11:30,19.71,20.1,19.36,19.47
8/21/2015 12:00,19.47,19.65,19.05,19.4135
8/21/2015 12:30,19.415,19.71,19.26,19.67
8/21/2015 13:00,19.68,19.75,19.39,19.43
8/21/2015 13:30,19.43,19.65,19.32,19.34
8/21/2015 14:00,19.34,19.56,19.25,19.52
8/21/2015 14:30,19.5232,20.16,19.46,19.9911
8/21/2015 15:00,20,20.39,19.93,20.09
8/21/2015 15:30,20.1,20.73,20.08,20.71
8/21/2015 16:00,20.71,20.71,20.71,20.71
8/24/2015 9:30,27.15,28.22,24.1,25.3699
8/24/2015 10:00,25.4,25.54,22.73,23.86
8/24/2015 10:30,23.86,24.49,23.2,23.59
8/24/2015 11:00,23.59,24.42,23.39,24.338
8/24/2015 11:30,24.34,24.36,22.26,22.57
8/24/2015 12:00,22.58,23,21.6,21.78
8/24/2015 12:30,21.79,22.56,21.56,22.0843
8/24/2015 13:00,22.08,22.76,21.63,22.55
8/24/2015 13:30,22.56,23.84,22.52,23.83
8/24/2015 14:00,23.83,24.74,23.54,24.24
8/24/2015 14:30,24.25,25.31,23.62,25.29
8/24/2015 15:00,25.295,26.07,24.47,25.92
8/24/2015 15:30,25.91,26.26,23.31,24.39
8/24/2015 16:00,24.39,24.39,24.39,24.39
8/25/2015 9:30,21.82,23.22,21.72,22.98
8/25/2015 10:00,22.98,23.22,22.42,23
8/25/2015 10:30,23,23.41,22.84,22.8601
8/25/2015 11:00,22.87,22.87,22.02,22.49
8/25/2015 11:30,22.49,22.84,22.36,22.705
8/25/2015 12:00,22.705,22.899,22.5,22.87
8/25/2015 12:30,22.87,23.16,22.72,23.12
8/25/2015 13:00,23.12,24,22.87,23.92
8/25/2015 13:30,23.92,24.08,23.37,23.64
8/25/2015 14:00,23.64,23.91,23.39,23.58
8/25/2015 14:30,23.59,23.82,23.23,23.41
8/25/2015 15:00,23.41,24.68,23.305,24.59
8/25/2015 15:30,24.585,26.64,24.425,26.58
8/25/2015 16:00,26.51,26.51,26.51,26.51
8/26/2015 9:30,24.32,25.61,24.1,25.2
8/26/2015 10:00,25.21,26.12,24.93,25.44
8/26/2015 10:30,25.44,25.8,25.01,25.6
8/26/2015 11:00,25.6,26.29,25.56,26.28
8/26/2015 11:30,26.28,26.93,25.98,26.58
8/26/2015 12:00,26.58,26.76,26.09,26.6
8/26/2015 12:30,26.61,27.17,26.16,26.17
8/26/2015 13:00,26.17,26.5,25.67,25.68
8/26/2015 13:30,25.68,25.89,25.24,25.49
8/26/2015 14:00,25.49,26.35,25.44,26.16
8/26/2015 14:30,26.168,26.25,24.94,25.35
8/26/2015 15:00,25.35,25.62,24.48,24.7
8/26/2015 15:30,24.7001,24.74,23.85,24.12
8/26/2015 16:00,24.12,24.12,24.12,24.12
8/27/2015 9:30,23.115,24.15,23.06,24.02
8/27/2015 10:00,24.028,24.47,23.45,23.65
8/27/2015 10:30,23.65,23.9,23.24,23.37
8/27/2015 11:00,23.37,23.67,23.17,23.56
8/27/2015 11:30,23.555,23.92,23.525,23.63
8/27/2015 12:00,23.62,23.8,23.39,23.58
8/27/2015 12:30,23.57,23.68,23.22,23.24
8/27/2015 13:00,23.23,23.54,23.2,23.5099
8/27/2015 13:30,23.51,23.96,23.35,23.69
8/27/2015 14:00,23.7,25.08,23.67,24.97
8/27/2015 14:30,24.97,25.83,24.31,25.75
8/27/2015 15:00,25.76,26.2,24.77,24.81
8/27/2015 15:30,24.81,25.09,24.5,24.67
8/27/2015 16:00,24.67,24.67,24.67,24.67
8/28/2015 9:30,25.5,25.95,25.28,25.58
8/28/2015 10:00,25.58,26.09,25.28,25.389
8/28/2015 10:30,25.39,25.74,25.16,25.71
8/28/2015 11:00,25.71,25.72,25.11,25.21
8/28/2015 11:30,25.22,25.88,25.11,25.77
8/28/2015 12:00,25.77,25.87,25.56,25.7
8/28/2015 12:30,25.69,26.02,25.56,26
8/28/2015 13:00,25.99,26.07,25.825,26.07
8/28/2015 13:30,26.065,26.4,25.96,26.305
8/28/2015 14:00,26.31,26.545,26.04,26.485
8/28/2015 14:30,26.485,26.8,26.31,26.51
8/28/2015 15:00,26.52,27.03,26.51,26.82
8/28/2015 15:30,26.83,27.11,25.8,25.86
8/28/2015 16:00,25.86,25.86,25.86,25.86
8/31/2015 9:30,26.19,26.532,25.88,26.49
8/31/2015 10:00,26.5,26.8001,26.275,26.35
8/31/2015 10:30,26.36,26.56,26.18,26.52
8/31/2015 11:00,26.5101,26.83,26.39,26.5
8/31/2015 11:30,26.5,26.69,26.225,26.29
8/31/2015 12:00,26.29,26.53,26.205,26.21
8/31/2015 12:30,26.21,26.36,26.1001,26.36
8/31/2015 13:00,26.3521,26.74,26.275,26.64
8/31/2015 13:30,26.63,26.89,26.62,26.76
8/31/2015 14:00,26.7599,27.03,26.64,26.77
8/31/2015 14:30,26.78,27.06,26.6632,26.88
8/31/2015 15:00,26.89,26.89,26.44,26.79
8/31/2015 15:30,26.8,27,26.38,26.83
8/31/2015 16:00,26.83,26.83,26.83,26.83
9/1/2015 9:30,29.29,29.49,28.52,28.93
9/1/2015 10:00,28.925,29.3,28.79,28.89
9/1/2015 10:30,28.9,29.42,28.72,29.2
9/1/2015 11:00,29.2,29.53,29.02,29.34
9/1/2015 11:30,29.35,29.42,29.145,29.33
9/1/2015 12:00,29.33,29.6,29.25,29.6
9/1/2015 12:30,29.6,29.95,29.56,29.93
9/1/2015 13:00,29.93,29.97,29.51,29.815
9/1/2015 13:30,29.815,29.95,29.655,29.725
9/1/2015 14:00,29.7201,30.19,29.7138,30.06
9/1/2015 14:30,30.06,30.14,29.45,30.11
9/1/2015 15:00,30.105,30.75,29.97,30.74
9/1/2015 15:30,30.735,31.48,30.16,30.76
9/1/2015 16:00,30.76,30.76,30.76,30.76
9/2/2015 9:30,29.01,29.609,28.957,29.5799
9/2/2015 10:00,29.57,29.97,29.29,29.955
9/2/2015 10:30,29.94,30.17,29.77,29.8699
9/2/2015 11:00,29.86,29.92,29.28,29.44
9/2/2015 11:30,29.45,29.895,29.38,29.7
9/2/2015 12:00,29.71,29.94,29.47,29.5
9/2/2015 12:30,29.5,29.5,29.09,29.18
9/2/2015 13:00,29.18,29.285,28.74,28.74
9/2/2015 13:30,28.75,29.09,28.725,28.78
9/2/2015 14:00,28.78,29.02,28.295,28.38
9/2/2015 14:30,28.38,28.95,28.38,28.48
9/2/2015 15:00,28.47,28.82,28.3,28.39
9/2/2015 15:30,28.39,28.47,27.46,27.4792
9/2/2015 16:00,27.4792,27.4792,27.4792,27.4792
9/3/2015 9:30,26.62,26.91,26.14,26.31
9/3/2015 10:00,26.31,26.53,25.95,26
9/3/2015 10:30,26,26.2,25.625,25.69
9/3/2015 11:00,25.6999,25.94,25.46,25.8825
9/3/2015 11:30,25.89,26.215,25.88,26.045
9/3/2015 12:00,26.05,26.16,25.97,26.1
9/3/2015 12:30,26.11,26.67,26.085,26.531
9/3/2015 13:00,26.534,27.17,26.534,26.67
9/3/2015 13:30,26.65,27.35,26.65,27.35
9/3/2015 14:00,27.35,27.745,27.17,27.286
9/3/2015 14:30,27.29,27.35,26.6499,27.1
9/3/2015 15:00,27.1,27.69,26.87,27.63
9/3/2015 15:30,27.63,28.12,27.035,27.32
9/3/2015 16:00,27.32,27.32,27.32,27.32
9/4/2015 9:30,28.62,28.75,27.97,28.58
9/4/2015 10:00,28.59,28.72,28.32,28.3899
9/4/2015 10:30,28.39,28.755,28.22,28.66
9/4/2015 11:00,28.66,28.995,28.54,28.92
9/4/2015 11:30,28.9237,29.18,28.86,29.17
9/4/2015 12:00,29.16,29.46,29.05,29.4
9/4/2015 12:30,29.39,29.5,29.26,29.45
9/4/2015 13:00,29.45,29.79,29.42,29.63
9/4/2015 13:30,29.63,29.69,29.255,29.66
9/4/2015 14:00,29.65,29.98,29.6,29.85
9/4/2015 14:30,29.8425,29.98,29.4,29.4002
9/4/2015 15:00,29.405,29.5299,29.08,29.21
9/4/2015 15:30,29.215,29.34,28.71,29.33
9/4/2015 16:00,29.33,29.33,29.33,29.33
9/8/2015 9:30,27.6,27.73,27.14,27.49
9/8/2015 10:00,27.49,27.915,27.47,27.682
9/8/2015 10:30,27.68,27.97,27.58,27.69
9/8/2015 11:00,27.68,27.86,27.57,27.64
9/8/2015 11:30,27.63,27.74,27.56,27.68
9/8/2015 12:00,27.68,27.75,27.22,27.24
9/8/2015 12:30,27.24,27.53,27.18,27.52
9/8/2015 13:00,27.525,27.6768,27.39,27.52
9/8/2015 13:30,27.53,27.65,27.285,27.29
9/8/2015 14:00,27.295,27.48,27.15,27.15
9/8/2015 14:30,27.15,27.245,26.9,27.09
9/8/2015 15:00,27.09,27.26,27.005,27.038
9/8/2015 15:30,27.0398,27.12,26.66,26.76
9/8/2015 16:00,26.76,26.76,26.76,26.76
9/9/2015 9:30,25.31,25.7624,25.26,25.6694
9/9/2015 10:00,25.66,26.2911,25.57,26.02
9/9/2015 10:30,26.03,26.47,25.91,26.38
9/9/2015 11:00,26.373,26.46,26.03,26.36
9/9/2015 11:30,26.35,26.49,26.1,26.27
9/9/2015 12:00,26.28,26.365,25.89,25.89
9/9/2015 12:30,25.89,25.97,25.61,25.82
9/9/2015 13:00,25.81,26.0785,25.62,26.018
9/9/2015 13:30,26.02,26.84,26.018,26.76
9/9/2015 14:00,26.769,26.91,26.4801,26.76
9/9/2015 14:30,26.78,27.19,26.74,26.96
9/9/2015 15:00,26.95,27.09,26.54,26.88
9/9/2015 15:30,26.8706,27.56,26.86,27.35
9/9/2015 16:00,27.35,27.35,27.35,27.35
9/10/2015 9:30,28.165,28.28,27.58,28.2
9/10/2015 10:00,28.1951,28.31,27.85,27.87
9/10/2015 10:30,27.87,27.89,27.17,27.41
9/10/2015 11:00,27.42,28.06,27.4,27.81
9/10/2015 11:30,27.81,27.87,27.405,27.53
9/10/2015 12:00,27.53,27.74,27.27,27.67
9/10/2015 12:30,27.66,27.75,27.4,27.49
9/10/2015 13:00,27.495,27.63,27.02,27.04
9/10/2015 13:30,27.045,27.14,26.73,26.8001
9/10/2015 14:00,26.81,27.095,26.7,26.95
9/10/2015 14:30,26.96,27.36,26.8,27.35
9/10/2015 15:00,27.34,27.55,27.125,27.39
9/10/2015 15:30,27.39,27.54,26.65,26.65
9/10/2015 16:00,26.65,26.68,26.65,26.68
9/11/2015 9:30,26.77,27.02,26.54,26.915
9/11/2015 10:00,26.9115,27.13,26.8,27.016
9/11/2015 10:30,27.02,27.24,26.86,27.149
9/11/2015 11:00,27.14,27.2,26.87,26.89
9/11/2015 11:30,26.88,27.035,26.56,26.61
9/11/2015 12:00,26.62,26.66,26.36,26.49
9/11/2015 12:30,26.495,26.69,26.39,26.42
9/11/2015 13:00,26.4102,26.76,26.395,26.73
9/11/2015 13:30,26.74,26.8,26.53,26.6
9/11/2015 14:00,26.6,26.775,26.441,26.55
9/11/2015 14:30,26.55,26.55,26.33,26.4899
9/11/2015 15:00,26.49,26.495,26.175,26.25
9/11/2015 15:30,26.25,26.36,26.02,26.02
9/11/2015 16:00,26.0592,26.0592,26.04,26.04
9/14/2015 9:30,25.97,26.65,25.96,26.5
9/14/2015 10:00,26.4915,26.57,26.2,26.44
9/14/2015 10:30,26.44,26.46,26.03,26.17
9/14/2015 11:00,26.17,26.31,25.99,26.3
9/14/2015 11:30,26.3,26.505,26.2232,26.24
9/14/2015 12:00,26.24,26.55,26.21,26.435
9/14/2015 12:30,26.45,26.55,26.34,26.53
9/14/2015 13:00,26.54,26.65,26.5,26.63
9/14/2015 13:30,26.63,26.63,26.07,26.092
9/14/2015 14:00,26.09,26.41,26.085,26.36
9/14/2015 14:30,26.36,26.43,26.11,26.25
9/14/2015 15:00,26.25,26.4,26.15,26.23
9/14/2015 15:30,26.23,26.36,26.04,26.069
9/14/2015 16:00,26.069,26.069,26.069,26.069
9/15/2015 9:30,25.69,25.88,25.58,25.6202
9/15/2015 10:00,25.62,25.7375,25.269,25.34
9/15/2015 10:30,25.33,25.33,25.05,25.13
9/15/2015 11:00,25.145,25.23,25.06,25.12
9/15/2015 11:30,25.115,25.2,25.085,25.12
9/15/2015 12:00,25.12,25.12,24.72,24.74
9/15/2015 12:30,24.75,24.77,24.59,24.69
9/15/2015 13:00,24.68,24.73,24.26,24.26
9/15/2015 13:30,24.2536,24.31,24.1001,24.25
9/15/2015 14:00,24.25,24.29,24.03,24.22
9/15/2015 14:30,24.22,24.25,23.85,23.85
9/15/2015 15:00,23.85,23.86,23.55,23.56
9/15/2015 15:30,23.56,23.76,23.42,23.49
9/15/2015 16:00,23.5,23.5,23.5,23.5
9/16/2015 9:30,22.62,22.97,22.32,22.95
9/16/2015 10:00,22.954,23.36,22.85,22.98
9/16/2015 10:30,22.98,22.99,22.7156,22.7578
9/16/2015 11:00,22.76,22.825,22.41,22.43
9/16/2015 11:30,22.42,22.71,22.41,22.615
9/16/2015 12:00,22.61,22.89,22.53,22.6899
9/16/2015 12:30,22.69,22.77,22.61,22.69
9/16/2015 13:00,22.69,23.07,22.6899,23.07
9/16/2015 13:30,23.07,23.1,22.77,22.8
9/16/2015 14:00,22.8,23.21,22.8,23.1388
9/16/2015 14:30,23.14,23.21,22.74,22.79
9/16/2015 15:00,22.7886,22.85,22.39,22.395
9/16/2015 15:30,22.3906,22.43,22.01,22.09
9/16/2015 16:00,22.09,22.09,22.09,22.09
9/17/2015 9:30,21.98,22.26,21.94,22.13
9/17/2015 10:00,22.125,22.31,21.98,22.27
9/17/2015 10:30,22.27,22.5,22.13,22.16
9/17/2015 11:00,22.16,22.19,21.76,21.889
9/17/2015 11:30,21.88,22.02,21.85,21.98
9/17/2015 12:00,21.98,22,21.73,21.81
9/17/2015 12:30,21.811,21.955,21.75,21.81
9/17/2015 13:00,21.801,21.99,21.64,21.74
9/17/2015 13:30,21.7305,21.95,21.64,21.79
9/17/2015 14:00,21.78,22.27,20.88,21.38
9/17/2015 14:30,21.38,21.38,20.04,20.35
9/17/2015 15:00,20.35,22.185,20.131,21.54
9/17/2015 15:30,21.55,22.14,21.42,21.97
9/17/2015 16:00,21.97,21.97,21.97,21.97
9/18/2015 9:30,24.11,24.19,23.48,23.78
9/18/2015 10:00,23.79,23.82,23.26,23.413
9/18/2015 10:30,23.41,23.83,23.36,23.72
9/18/2015 11:00,23.73,23.94,23.56,23.93
9/18/2015 11:30,23.93,24,23.42,23.59
9/18/2015 12:00,23.59,24.12,23.58,23.96
9/18/2015 12:30,23.96,24.12,23.66,23.701
9/18/2015 13:00,23.7,23.95,23.33,23.75
9/18/2015 13:30,23.76,24.19,23.66,24.14
9/18/2015 14:00,24.141,24.22,23.87,23.94
9/18/2015 14:30,23.93,24.3801,23.92,24.1802
9/18/2015 15:00,24.1899,24.79,24.0899,24.72
9/18/2015 15:30,24.73,24.99,24.64,24.65
9/18/2015 16:00,24.65,24.65,24.65,24.65
9/21/2015 9:30,23.92,24.03,23.58,23.88
9/21/2015 10:00,23.885,24.01,23.68,23.79
9/21/2015 10:30,23.79,23.79,23.23,23.35
9/21/2015 11:00,23.34,23.36,22.96,23.11
9/21/2015 11:30,23.11,23.52,23.03,23.405
9/21/2015 12:00,23.41,23.89,23.41,23.6
9/21/2015 12:30,23.61,24.21,23.5908,24.12
9/21/2015 13:00,24.13,24.21,23.73,23.82
9/21/2015 13:30,23.82,24.09,23.6,24.06
9/21/2015 14:00,24.06,24.17,23.86,23.96
9/21/2015 14:30,23.97,24.07,23.29,23.33
9/21/2015 15:00,23.34,23.45,23.26,23.261
9/21/2015 15:30,23.27,23.66,23.03,23.05
9/21/2015 16:00,23.05,23.05,23.05,23.05
9/22/2015 9:30,24.19,24.35,23.83,24.128
9/22/2015 10:00,24.128,24.3957,23.87,24.3
9/22/2015 10:30,24.3,24.79,24.28,24.5
9/22/2015 11:00,24.51,24.575,24.26,24.508
9/22/2015 11:30,24.501,24.6,24.33,24.47
9/22/2015 12:00,24.47,24.68,24.33,24.52
9/22/2015 12:30,24.53,24.85,24.43,24.84
9/22/2015 13:00,24.84,25.01,24.66,24.989
9/22/2015 13:30,24.99,25.07,24.72,24.86
9/22/2015 14:00,24.87,25.34,24.857,25.21
9/22/2015 14:30,25.21,25.4411,25.01,25.27
9/22/2015 15:00,25.2697,25.57,24.92,24.93
9/22/2015 15:30,24.93,24.94,24.31,24.35
9/22/2015 16:00,24.35,24.35,24.35,24.35
9/23/2015 9:30,24.38,24.71,24.15,24.47
9/23/2015 10:00,24.4706,24.59,24.18,24.21
9/23/2015 10:30,24.2,24.225,23.66,23.73
9/23/2015 11:00,23.7301,24.4,23.69,24.29
9/23/2015 11:30,24.29,24.57,24.23,24.42
9/23/2015 12:00,24.4101,24.65,24.3824,24.44
9/23/2015 12:30,24.44,24.51,24.11,24.175
9/23/2015 13:00,24.175,24.29,23.9,24.2518
9/23/2015 13:30,24.2514,24.27,23.74,23.8501
9/23/2015 14:00,23.86,23.9499,23.58,23.92
9/23/2015 14:30,23.93,24.18,23.745,24.0099
9/23/2015 15:00,24,24.16,23.83,23.98
9/23/2015 15:30,23.98,24.06,23.68,23.78
9/23/2015 16:00,23.811,23.811,23.811,23.811
9/24/2015 9:30,24.95,25.37,24.68,25.29
9/24/2015 10:00,25.31,25.68,25.12,25.61
9/24/2015 10:30,25.61,25.93,25.43,25.89
9/24/2015 11:00,25.9,26.19,25.54,25.77
9/24/2015 11:30,25.78,25.8,25.35,25.45
9/24/2015 12:00,25.45,25.52,25.21,25.26
9/24/2015 12:30,25.25,25.76,25.14,25.76
9/24/2015 13:00,25.755,25.83,25.38,25.62
9/24/2015 13:30,25.62,25.73,25.32,25.49
9/24/2015 14:00,25.49,25.61,24.95,25.02
9/24/2015 14:30,25.02,25.12,24.27,24.47
9/24/2015 15:00,24.47,24.91,24.35,24.431
9/24/2015 15:30,24.4306,24.72,24.35,24.48
9/24/2015 16:00,24.48,24.48,24.48,24.48
9/25/2015 9:30,23.47,24.05,23.45,23.77
9/25/2015 10:00,23.76,24.1,23.7,23.989
9/25/2015 10:30,23.99,24.07,23.62,23.66
9/25/2015 11:00,23.66,23.83,23.54,23.72
9/25/2015 11:30,23.72,24.01,23.7,23.87
9/25/2015 12:00,23.864,24.37,23.864,24.19
9/25/2015 12:30,24.19,24.22,23.94,23.99
9/25/2015 13:00,23.98,24.01,23.725,23.96
9/25/2015 13:30,23.959,24.13,23.86,24.01
9/25/2015 14:00,24.01,24.51,23.92,24.4799
9/25/2015 14:30,24.47,25.24,24.33,24.85
9/25/2015 15:00,24.8594,25.679,24.8392,25.215
9/25/2015 15:30,25.22,25.29,24.854,25.09
9/25/2015 16:00,25.09,25.09,25.09,25.09
9/28/2015 9:30,25.97,26.35,25.73,26.34
9/28/2015 10:00,26.34,26.72,26.2,26.41
9/28/2015 10:30,26.41,26.73,26.39,26.4
9/28/2015 11:00,26.39,26.87,26.16,26.78
9/28/2015 11:30,26.77,26.8925,26.62,26.82
9/28/2015 12:00,26.82,27.13,26.77,26.97
9/28/2015 12:30,26.97,27.12,26.875,27.04
9/28/2015 13:00,27.04,27.055,26.76,26.97
9/28/2015 13:30,26.98,27.15,26.72,27.1
9/28/2015 14:00,27.1,27.54,27.07,27.145
9/28/2015 14:30,27.15,27.35,26.87,27.25
9/28/2015 15:00,27.25,27.4,26.98,27.15
9/28/2015 15:30,27.15,27.19,26.5,26.84
9/28/2015 16:00,26.84,26.84,26.84,26.84
9/29/2015 9:30,26.53,27.36,26.38,26.54
9/29/2015 10:00,26.54,26.83,26.065,26.07
9/29/2015 10:30,26.07,26.57,25.87,26.3
9/29/2015 11:00,26.3,26.8365,26.18,26.651
9/29/2015 11:30,26.66,26.97,26.51,26.87
9/29/2015 12:00,26.86,27.23,26.75,27
9/29/2015 12:30,27,27.4,26.95,27.35
9/29/2015 13:00,27.35,27.4,26.705,26.78
9/29/2015 13:30,26.78,27.03,26.6,26.84
9/29/2015 14:00,26.84,27.14,26.59,26.69
9/29/2015 14:30,26.695,27.21,26.605,27.21
9/29/2015 15:00,27.21,27.54,27.12,27.47
9/29/2015 15:30,27.465,27.48,26.71,26.89
9/29/2015 16:00,26.89,26.89,26.89,26.89
9/30/2015 9:30,25.71,26.08,25.48,26
9/30/2015 10:00,26,26.07,25.64,25.81
9/30/2015 10:30,25.81,25.99,25.695,25.89
9/30/2015 11:00,25.9,26.05,25.83,25.94
9/30/2015 11:30,25.93,26.2049,25.84,26.02
9/30/2015 12:00,26.02,26.39,25.976,26.12
9/30/2015 12:30,26.12,26.41,26.07,26.18
9/30/2015 13:00,26.18,26.22,25.97,26
9/30/2015 13:30,26,26.18,25.96,26.09
9/30/2015 14:00,26.1,26.31,26.08,26.105
9/30/2015 14:30,26.11,26.35,25.96,25.99
9/30/2015 15:00,25.99,26.22,25.86,25.88
9/30/2015 15:30,25.88,25.91,25.44,25.63
9/30/2015 16:00,25.63,25.63,25.6,25.6
10/1/2015 9:30,25.68,26.19,25.57,26.17
10/1/2015 10:00,26.17,26.32,25.85,25.95
10/1/2015 10:30,25.94,26.25,25.89,26.24
10/1/2015 11:00,26.24,26.29,25.98,26.07
10/1/2015 11:30,26.07,26.424,25.95,26.25
10/1/2015 12:00,26.26,26.5,26.09,26.12
10/1/2015 12:30,26.13,26.19,25.91,25.99
10/1/2015 13:00,25.98,26.17,25.92,25.955
10/1/2015 13:30,25.96,26.0311,25.75,25.77
10/1/2015 14:00,25.76,25.87,25.56,25.712
10/1/2015 14:30,25.715,25.87,25.57,25.64
10/1/2015 15:00,25.64,25.74,25.48,25.66
10/1/2015 15:30,25.67,25.85,25.32,25.34
10/1/2015 16:00,25.34,25.34,25.34,25.34
10/2/2015 9:30,26.28,26.53,26.03,26.11
10/2/2015 10:00,26.11,26.35,25.87,26.16
10/2/2015 10:30,26.17,26.21,25.52,25.54
10/2/2015 11:00,25.5399,25.71,25.36,25.5799
10/2/2015 11:30,25.58,25.71,25.43,25.56
10/2/2015 12:00,25.56,25.66,25.28,25.36
10/2/2015 12:30,25.35,25.35,24.99,25.04
10/2/2015 13:00,25.03,25.12,24.74,24.9799
10/2/2015 13:30,24.97,25.17,24.905,25.12
10/2/2015 14:00,25.115,25.16,24.66,24.71
10/2/2015 14:30,24.7,24.78,24.54,24.749
10/2/2015 15:00,24.75,24.78,24.3,24.3
10/2/2015 15:30,24.3,24.34,24,24.03
10/2/2015 16:00,24.03,24.03,24.03,24.03
10/5/2015 9:30,23.53,23.6,23.25,23.33
10/5/2015 10:00,23.34,23.495,23.23,23.3
10/5/2015 10:30,23.3,23.55,23.28,23.48
10/5/2015 11:00,23.47,23.5,23.26,23.3711
10/5/2015 11:30,23.37,23.39,23.16,23.18
10/5/2015 12:00,23.175,23.19,22.9,22.97
10/5/2015 12:30,22.96,23.1,22.86,23.07
10/5/2015 13:00,23.06,23.125,22.86,22.91
10/5/2015 13:30,22.91,23.08,22.905,22.9899
10/5/2015 14:00,22.98,23.05,22.88,22.92
10/5/2015 14:30,22.92,22.92,22.69,22.8599
10/5/2015 15:00,22.85,22.89,22.66,22.682
10/5/2015 15:30,22.682,22.73,22.5,22.65
10/5/2015 16:00,22.65,22.65,22.65,22.65
10/6/2015 9:30,22.58,22.7,22.25,22.27
10/6/2015 10:00,22.27,22.88,22.26,22.85
10/6/2015 10:30,22.85,22.89,22.55,22.75
10/6/2015 11:00,22.75,22.765,22.54,22.58
10/6/2015 11:30,22.59,23.15,22.56,23.09
10/6/2015 12:00,23.09,23.11,22.875,23.02
10/6/2015 12:30,23.02,23.27,23,23.05
10/6/2015 13:00,23.04,23.09,22.73,22.83
10/6/2015 13:30,22.835,23.23,22.82,23.1599
10/6/2015 14:00,23.15,23.19,22.88,22.93
10/6/2015 14:30,22.92,23.0601,22.85,23.03
10/6/2015 15:00,23.0299,23.09,22.87,22.88
10/6/2015 15:30,22.88,22.96,22.75,22.89
10/6/2015 16:00,22.89,22.9,22.89,22.9
10/7/2015 9:30,22.6,22.75,22.39,22.44
10/7/2015 10:00,22.44,22.5,22.28,22.3711
10/7/2015 10:30,22.38,22.91,22.36,22.665
10/7/2015 11:00,22.67,23.13,22.65,23.09
10/7/2015 11:30,23.0842,23.14,22.76,22.81
10/7/2015 12:00,22.8,23.06,22.73,23
10/7/2015 12:30,23,23.035,22.79,22.98
10/7/2015 13:00,22.98,23,22.74,22.81
10/7/2015 13:30,22.8,22.8,22.4,22.42
10/7/2015 14:00,22.4199,22.57,22.31,22.5
10/7/2015 14:30,22.49,22.65,22.4,22.58
10/7/2015 15:00,22.58,22.62,22.32,22.43
10/7/2015 15:30,22.42,22.45,22.3,22.34
10/7/2015 16:00,22.34,22.34,22.34,22.34
10/8/2015 9:30,22.29,22.45,22.2,22.29
10/8/2015 10:00,22.29,22.53,22.2,22.53
10/8/2015 10:30,22.535,22.55,22.28,22.28
10/8/2015 11:00,22.29,22.49,22.23,22.24
10/8/2015 11:30,22.25,22.268,22.16,22.18
10/8/2015 12:00,22.18,22.33,22.08,22.31
10/8/2015 12:30,22.31,22.52,22.22,22.43
10/8/2015 13:00,22.43,22.47,22.28,22.315
10/8/2015 13:30,22.32,22.3311,22.18,22.21
10/8/2015 14:00,22.205,22.355,21.94,22.01
10/8/2015 14:30,22.02,22.04,21.52,21.565
10/8/2015 15:00,21.57,21.58,21,21.22
10/8/2015 15:30,21.22,21.46,21.18,21.28
10/8/2015 16:00,21.2992,21.2992,21.28,21.28
10/9/2015 9:30,21.2,21.315,20.97,21.07
10/9/2015 10:00,21.07,21.4,21.06,21.32
10/9/2015 10:30,21.32,21.34,21.1,21.1
10/9/2015 11:00,21.11,21.3,21.07,21.21
10/9/2015 11:30,21.2,21.48,21.19,21.44
10/9/2015 12:00,21.44,21.74,21.37,21.6
10/9/2015 12:30,21.595,21.86,21.59,21.72
10/9/2015 13:00,21.7279,21.92,21.64,21.75
10/9/2015 13:30,21.7499,21.88,21.65,21.73
10/9/2015 14:00,21.73,21.88,21.65,21.7
10/9/2015 14:30,21.7,21.78,21.35,21.35
10/9/2015 15:00,21.3401,21.5,21.24,21.25
10/9/2015 15:30,21.25,21.38,21.16,21.28
10/9/2015 16:00,21.291,21.291,21.27,21.27
10/12/2015 9:30,21.21,21.42,21.07,21.1211
10/12/2015 10:00,21.13,21.1801,20.93,21.04
10/12/2015 10:30,21.04,21.06,20.83,20.8809
10/12/2015 11:00,20.88,20.89,20.56,20.56
10/12/2015 11:30,20.56,20.58,20.4,20.47
10/12/2015 12:00,20.47,20.47,20.23,20.3301
10/12/2015 12:30,20.331,20.5001,20.31,20.49
10/12/2015 13:00,20.4899,20.63,20.4,20.48
10/12/2015 13:30,20.48,20.485,20.24,20.34
10/12/2015 14:00,20.34,20.35,20.12,20.26
10/12/2015 14:30,20.26,20.29,20.03,20.09
10/12/2015 15:00,20.1,20.1,19.77,19.865
10/12/2015 15:30,19.86,20.06,19.77,19.98
10/12/2015 16:00,19.99,20,19.99,20
10/13/2015 9:30,20.41,20.55,20.07,20.19
10/13/2015 10:00,20.185,20.26,19.99,20.09
10/13/2015 10:30,20.08,20.19,19.83,19.84
10/13/2015 11:00,19.84,19.97,19.69,19.96
10/13/2015 11:30,19.96,20.13,19.9,20.085
10/13/2015 12:00,20.09,20.25,20.01,20.16
10/13/2015 12:30,20.1599,20.55,20.06,20.54
10/13/2015 13:00,20.55,20.66,20.37,20.449
10/13/2015 13:30,20.445,20.75,20.435,20.72
10/13/2015 14:00,20.73,20.8,20.54,20.77
10/13/2015 14:30,20.77,20.8501,20.53,20.54
10/13/2015 15:00,20.55,21.01,20.5397,20.91
10/13/2015 15:30,20.91,21.12,20.8,20.9999
10/13/2015 16:00,20.9999,21,20.9999,21
10/14/2015 9:30,21.24,21.37,20.81,20.89
10/14/2015 10:00,20.89,21.42,20.83,21.32
10/14/2015 10:30,21.33,21.77,21.27,21.67
10/14/2015 11:00,21.67,21.95,21.54,21.78
10/14/2015 11:30,21.78,21.88,21.55,21.64
10/14/2015 12:00,21.64,21.88,21.63,21.695
10/14/2015 12:30,21.68,21.7,21.126,21.36
10/14/2015 13:00,21.36,21.63,21.29,21.56
10/14/2015 13:30,21.565,21.65,21.41,21.43
10/14/2015 14:00,21.43,21.88,21.27,21.88
10/14/2015 14:30,21.88,21.99,21.76,21.89
10/14/2015 15:00,21.88,21.95,21.53,21.7228
10/14/2015 15:30,21.7201,21.7201,21.37,21.41
10/14/2015 16:00,21.41,21.43,21.41,21.43
10/15/2015 9:30,21.01,21.18,20.78,20.89
10/15/2015 10:00,20.89,20.97,20.73,20.865
10/15/2015 10:30,20.87,20.97,20.62,20.73
10/15/2015 11:00,20.725,20.84,20.59,20.72
10/15/2015 11:30,20.72,21.19,20.69,21.09
10/15/2015 12:00,21.09,21.13,20.66,20.67
10/15/2015 12:30,20.66,20.72,20.545,20.56
10/15/2015 13:00,20.56,20.57,20.295,20.35
10/15/2015 13:30,20.35,20.53,20.26,20.29
10/15/2015 14:00,20.3,20.31,20.06,20.2
10/15/2015 14:30,20.205,20.21,19.86,20.02
10/15/2015 15:00,20.0279,20.05,19.79,19.88
10/15/2015 15:30,19.88,20.17,19.84,19.915
10/15/2015 16:00,19.915,19.915,19.915,19.915
10/16/2015 9:30,19.56,19.97,19.54,19.93
10/16/2015 10:00,19.94,20.18,19.75,20.04
10/16/2015 10:30,20.04,20.1,19.87,19.94
10/16/2015 11:00,19.94,20.01,19.81,19.99
10/16/2015 11:30,19.98,20.01,19.69,19.6907
10/16/2015 12:00,19.69,20.0101,19.69,19.975
10/16/2015 12:30,19.98,20.13,19.93,20.02
10/16/2015 13:00,20.01,20.14,19.985,20.1399
10/16/2015 13:30,20.14,20.39,20.03,20.37
10/16/2015 14:00,20.365,20.45,20.03,20.05
10/16/2015 14:30,20.06,20.12,19.83,19.9999
10/16/2015 15:00,20,20.0001,19.785,19.88
10/16/2015 15:30,19.888,19.888,19.65,19.69
10/16/2015 16:00,19.69,19.69,19.69,19.69
10/19/2015 9:30,19.75,19.82,19.25,19.25
10/19/2015 10:00,19.2511,19.455,19.15,19.29
10/19/2015 10:30,19.29,19.46,19.12,19.14
10/19/2015 11:00,19.14,19.26,18.85,18.949
10/19/2015 11:30,18.94,18.94,18.62,18.68
10/19/2015 12:00,18.67,18.84,18.61,18.76
10/19/2015 12:30,18.76,18.82,18.58,18.65
10/19/2015 13:00,18.64,18.939,18.6,18.89
10/19/2015 13:30,18.896,19,18.72,18.721
10/19/2015 14:00,18.73,18.82,18.67,18.7599
10/19/2015 14:30,18.76,18.76,18.45,18.455
10/19/2015 15:00,18.45,18.51,18.33,18.41
10/19/2015 15:30,18.415,18.55,18.27,18.32
10/19/2015 16:00,18.32,18.32,18.32,18.32
10/20/2015 9:30,18.5,18.67,18.37,18.395
10/20/2015 10:00,18.39,18.51,18.25,18.43
10/20/2015 10:30,18.42,18.5,18.22,18.46
10/20/2015 11:00,18.46,18.85,18.45,18.6
10/20/2015 11:30,18.595,18.92,18.59,18.92
10/20/2015 12:00,18.92,19.08,18.87,18.99
10/20/2015 12:30,18.98,19.26,18.98,19.09
10/20/2015 13:00,19.09,19.16,18.91,19.13
10/20/2015 13:30,19.13,19.29,19.06,19.12
10/20/2015 14:00,19.12,19.2,18.97,18.97
10/20/2015 14:30,18.97,19.079,18.81,18.81
10/20/2015 15:00,18.81,18.89,18.68,18.71
10/20/2015 15:30,18.7,19,18.69,18.97
10/20/2015 16:00,18.97,18.97,18.95,18.95
10/21/2015 9:30,18.76,18.78,18.53,18.73
10/21/2015 10:00,18.74,19.2301,18.7399,19.16
10/21/2015 10:30,19.17,19.35,18.88,18.91
10/21/2015 11:00,18.915,19.2,18.88,18.93
10/21/2015 11:30,18.93,18.94,18.68,18.84
10/21/2015 12:00,18.84,19.03,18.72,18.75
10/21/2015 12:30,18.75,19,18.6899,19
10/21/2015 13:00,19,19.48,18.95,19.48
10/21/2015 13:30,19.47,19.58,19.27,19.47
10/21/2015 14:00,19.47,19.58,19.38,19.4
10/21/2015 14:30,19.39,19.409,19.04,19.34
10/21/2015 15:00,19.3399,19.6528,19.16,19.617
10/21/2015 15:30,19.615,20.39,19.615,20.27
10/21/2015 16:00,20.27,20.29,20.27,20.29
10/22/2015 9:30,19.75,19.76,19.4,19.4299
10/22/2015 10:00,19.42,19.485,19.13,19.34
10/22/2015 10:30,19.33,19.38,18.96,18.98
10/22/2015 11:00,18.97,19.21,18.96,19.1401
10/22/2015 11:30,19.15,19.27,18.85,18.88
10/22/2015 12:00,18.88,18.98,18.75,18.8
10/22/2015 12:30,18.8,18.89,18.64,18.78
10/22/2015 13:00,18.7701,18.88,18.59,18.78
10/22/2015 13:30,18.78,18.9,18.721,18.9
10/22/2015 14:00,18.89,19.11,18.73,18.79
10/22/2015 14:30,18.78,18.89,18.51,18.56
10/22/2015 15:00,18.56,18.75,18.45,18.46
10/22/2015 15:30,18.46,18.58,18.41,18.44
10/22/2015 16:00,18.44,18.44,18.44,18.44
10/23/2015 9:30,18,18.18,17.99,18.05
10/23/2015 10:00,18.04,18.58,17.96,18.44
10/23/2015 10:30,18.44,18.64,18.26,18.55
10/23/2015 11:00,18.5487,18.75,18.39,18.63
10/23/2015 11:30,18.64,18.82,18.63,18.8
10/23/2015 12:00,18.81,18.965,18.715,18.72
10/23/2015 12:30,18.7263,18.94,18.68,18.85
10/23/2015 13:00,18.85,19.0056,18.56,18.58
10/23/2015 13:30,18.58,18.59,18.37,18.44
10/23/2015 14:00,18.44,18.59,18.39,18.46
10/23/2015 14:30,18.46,18.53,18.33,18.53
10/23/2015 15:00,18.53,18.905,18.48,18.9
10/23/2015 15:30,18.91,18.91,18.61,18.63
10/23/2015 16:00,18.63,18.63,18.63,18.63
10/26/2015 9:30,18.91,19.05,18.73,19.03
10/26/2015 10:00,19.025,19.116,18.945,19.03
10/26/2015 10:30,19.02,19.09,18.91,18.99
10/26/2015 11:00,18.9899,19.19,18.945,19.1699
10/26/2015 11:30,19.16,19.19,19.06,19.175
10/26/2015 12:00,19.17,19.27,19,19.008
10/26/2015 12:30,19,19.04,18.74,18.8
10/26/2015 13:00,18.8,18.87,18.75,18.76
10/26/2015 13:30,18.76,18.94,18.66,18.93
10/26/2015 14:00,18.93,19.04,18.81,19.03
10/26/2015 14:30,19.028,19.09,18.96,19.05
10/26/2015 15:00,19.06,19.1301,18.9801,19.02
10/26/2015 15:30,19.02,19.3,19,19.27
10/26/2015 16:00,19.27,19.27,19.27,19.27
10/27/2015 9:30,19.52,19.53,19.16,19.18
10/27/2015 10:00,19.17,19.48,19.165,19.4
10/27/2015 10:30,19.4,19.5,19.13,19.16
10/27/2015 11:00,19.16,19.2,18.94,19.1
10/27/2015 11:30,19.1,19.28,19,19.235
10/27/2015 12:00,19.23,19.41,19.19,19.29
10/27/2015 12:30,19.285,19.38,19.12,19.27
10/27/2015 13:00,19.28,19.425,19.23,19.33
10/27/2015 13:30,19.33,19.36,19.22,19.3
10/27/2015 14:00,19.3,19.3,19.14,19.192
10/27/2015 14:30,19.19,19.345,19.18,19.28
10/27/2015 15:00,19.28,19.29,19,19.002
10/27/2015 15:30,19,19.08,18.8,18.87
10/27/2015 16:00,18.87,18.88,18.87,18.88
10/28/2015 9:30,18.8,18.92,18.61,18.7
10/28/2015 10:00,18.705,18.8,18.63,18.8
10/28/2015 10:30,18.8,18.8,18.57,18.6
10/28/2015 11:00,18.6,18.69,18.55,18.665
10/28/2015 11:30,18.66,18.71,18.5,18.56
10/28/2015 12:00,18.56,18.63,18.54,18.595
10/28/2015 12:30,18.6,18.72,18.55,18.61
10/28/2015 13:00,18.61,18.71,18.6,18.7
10/28/2015 13:30,18.7,18.719,18.42,18.47
10/28/2015 14:00,18.46,19.42,18.46,19.03
10/28/2015 14:30,19.03,19.37,18.87,18.93
10/28/2015 15:00,18.9286,18.99,18.63,18.642
10/28/2015 15:30,18.64,18.68,18.27,18.34
10/28/2015 16:00,18.34,18.34,18.34,18.34
10/29/2015 9:30,18.61,18.6701,18.43,18.665
10/29/2015 10:00,18.67,18.79,18.5,18.79
10/29/2015 10:30,18.79,18.93,18.6768,18.86
10/29/2015 11:00,18.85,18.93,18.74,18.82
10/29/2015 11:30,18.81,18.8118,18.62,18.662
10/29/2015 12:00,18.67,18.82,18.52,18.52
10/29/2015 12:30,18.52,18.77,18.5,18.675
10/29/2015 13:00,18.67,18.69,18.52,18.64
10/29/2015 13:30,18.64,18.875,18.59,18.87
10/29/2015 14:00,18.87,18.88,18.53,18.5901
10/29/2015 14:30,18.59,18.685,18.59,18.64
10/29/2015 15:00,18.65,18.75,18.55,18.58
10/29/2015 15:30,18.58,18.64,18.38,18.58
10/29/2015 16:00,18.58,18.58,18.58,18.58
10/30/2015 9:30,18.62,18.84,18.53,18.7982
10/30/2015 10:00,18.7989,18.89,18.71,18.78
10/30/2015 10:30,18.78,18.815,18.62,18.7127
10/30/2015 11:00,18.715,18.81,18.66,18.695
10/30/2015 11:30,18.695,18.75,18.58,18.642
10/30/2015 12:00,18.64,18.76,18.59,18.69
10/30/2015 12:30,18.69,18.695,18.42,18.49
10/30/2015 13:00,18.48,18.52,18.4,18.432
10/30/2015 13:30,18.43,18.48,18.35,18.4
10/30/2015 14:00,18.375,18.6,18.375,18.57
10/30/2015 14:30,18.57,18.76,18.51,18.75
10/30/2015 15:00,18.74,18.88,18.65,18.875
10/30/2015 15:30,18.87,18.875,18.67,18.86
10/30/2015 16:00,18.86,18.86,18.83,18.83
11/2/2015 9:30,18.8,18.88,18.7,18.74
11/2/2015 10:00,18.7308,18.79,18.59,18.64
11/2/2015 10:30,18.64,18.6703,18.54,18.61
11/2/2015 11:00,18.615,18.665,18.5,18.53
11/2/2015 11:30,18.5218,18.56,18.45,18.48
11/2/2015 12:00,18.48,18.5,18.37,18.375
11/2/2015 12:30,18.37,18.4,18.22,18.24
11/2/2015 13:00,18.235,18.28,18.18,18.19
11/2/2015 13:30,18.195,18.22,18.1,18.1
11/2/2015 14:00,18.105,18.12,18.01,18.02
11/2/2015 14:30,18.01,18.02,17.79,17.7999
11/2/2015 15:00,17.795,17.97,17.74,17.755
11/2/2015 15:30,17.75,17.93,17.721,17.87
11/2/2015 16:00,17.8608,17.8608,17.8608,17.8608
11/3/2015 9:30,18.08,18.2,17.98,18.14
11/3/2015 10:00,18.14,18.15,17.96,18.07
11/3/2015 10:30,18.07,18.12,17.9749,18.09
11/3/2015 11:00,18.0899,18.14,18.02,18.1
11/3/2015 11:30,18.11,18.14,17.98,18.025
11/3/2015 12:00,18.0266,18.26,18.01,18.23
11/3/2015 12:30,18.23,18.25,18.05,18.075
11/3/2015 13:00,18.0751,18.08,17.975,17.985
11/3/2015 13:30,17.985,18.01,17.85,17.94
11/3/2015 14:00,17.94,17.95,17.78,17.87
11/3/2015 14:30,17.8701,18.03,17.83,17.995
11/3/2015 15:00,17.9943,18.1201,17.9943,18.1
11/3/2015 15:30,18.1,18.37,18.08,18.26
11/3/2015 16:00,18.26,18.26,18.26,18.26
11/4/2015 9:30,18.12,18.55,18.05,18.385
11/4/2015 10:00,18.4,18.53,18.2,18.21
11/4/2015 10:30,18.21,18.4101,18.15,18.37
11/4/2015 11:00,18.37,18.6,18.37,18.56
11/4/2015 11:30,18.565,18.71,18.52,18.665
11/4/2015 12:00,18.67,18.7,18.45,18.55
11/4/2015 12:30,18.56,18.69,18.505,18.61
11/4/2015 13:00,18.62,18.94,18.6,18.8
11/4/2015 13:30,18.805,18.86,18.64,18.68
11/4/2015 14:00,18.68,18.71,18.48,18.52
11/4/2015 14:30,18.53,18.53,18.34,18.45
11/4/2015 15:00,18.4437,18.74,18.42,18.73
11/4/2015 15:30,18.725,19.025,18.705,18.82
11/4/2015 16:00,18.82,18.82,18.82,18.82
11/5/2015 9:30,18.83,18.95,18.49,18.51
11/5/2015 10:00,18.5175,19.05,18.48,19.03
11/5/2015 10:30,19.04,19.17,18.95,19.005
11/5/2015 11:00,19,19.14,18.94,18.96
11/5/2015 11:30,18.97,19.08,18.735,18.75
11/5/2015 12:00,18.75,18.96,18.69,18.77
11/5/2015 12:30,18.77,18.9,18.71,18.74
11/5/2015 13:00,18.7308,18.93,18.7,18.92
11/5/2015 13:30,18.92,18.95,18.8,18.82
11/5/2015 14:00,18.82,18.91,18.75,18.86
11/5/2015 14:30,18.87,18.92,18.63,18.64
11/5/2015 15:00,18.63,18.71,18.47,18.47
11/5/2015 15:30,18.47,18.55,18.37,18.43
11/5/2015 16:00,18.43,18.44,18.43,18.44
11/6/2015 9:30,18.45,18.7,18.23,18.65
11/6/2015 10:00,18.65,18.9,18.58,18.59
11/6/2015 10:30,18.59,18.62,18.33,18.45
11/6/2015 11:00,18.45,18.6899,18.4,18.61
11/6/2015 11:30,18.61,18.61,18.37,18.52
11/6/2015 12:00,18.52,18.65,18.41,18.6
11/6/2015 12:30,18.61,18.67,18.5,18.555
11/6/2015 13:00,18.56,18.58,18.36,18.4
11/6/2015 13:30,18.39,18.49,18.27,18.295
11/6/2015 14:00,18.29,18.35,18.22,18.28
11/6/2015 14:30,18.29,18.41,18.19,18.22
11/6/2015 15:00,18.22,18.26,18.13,18.135
11/6/2015 15:30,18.14,18.15,18.04,18.04
11/6/2015 16:00,18.04,18.04,18.04,18.04
11/9/2015 9:30,18.15,18.32,18.07,18.3
11/9/2015 10:00,18.3,18.52,18.25,18.468
11/9/2015 10:30,18.47,18.53,18.38,18.44
11/9/2015 11:00,18.45,18.83,18.4392,18.82
11/9/2015 11:30,18.82,18.96,18.71,18.95
11/9/2015 12:00,18.945,19.12,18.87,18.8982
11/9/2015 12:30,18.9,18.98,18.73,18.78
11/9/2015 13:00,18.78,19.05,18.735,18.908
11/9/2015 13:30,18.9,19.041,18.86,18.9499
11/9/2015 14:00,18.94,19.04,18.864,18.95
11/9/2015 14:30,18.95,19.2,18.91,19.17
11/9/2015 15:00,19.17,19.33,19.1326,19.1499
11/9/2015 15:30,19.145,19.145,18.755,19.01
11/9/2015 16:00,19.01,19.03,19.01,19.03
11/10/2015 9:30,19.25,19.27,18.95,19
11/10/2015 10:00,19,19.33,18.96,19.27
11/10/2015 10:30,19.2635,19.28,18.91,18.935
11/10/2015 11:00,18.932,19.04,18.85,18.995
11/10/2015 11:30,18.99,19,18.78,18.82
11/10/2015 12:00,18.82,18.85,18.72,18.77
11/10/2015 12:30,18.7718,18.9,18.75,18.785
11/10/2015 13:00,18.79,18.89,18.77,18.78
11/10/2015 13:30,18.78,18.84,18.59,18.68
11/10/2015 14:00,18.68,18.76,18.64,18.715
11/10/2015 14:30,18.71,18.71,18.49,18.6
11/10/2015 15:00,18.6,18.6,18.45,18.51
11/10/2015 15:30,18.52,18.55,18.36,18.47
11/10/2015 16:00,18.47,18.49,18.47,18.49
11/11/2015 9:30,18.32,18.51,18.32,18.46
11/11/2015 10:00,18.46,18.65,18.44,18.58
11/11/2015 10:30,18.58,18.78,18.545,18.66
11/11/2015 11:00,18.66,18.745,18.55,18.56
11/11/2015 11:30,18.565,18.57,18.43,18.44
11/11/2015 12:00,18.44,18.5,18.34,18.38
11/11/2015 12:30,18.38,18.42,18.29,18.4
11/11/2015 13:00,18.4,18.655,18.395,18.638
11/11/2015 13:30,18.63,18.71,18.53,18.64
11/11/2015 14:00,18.64,18.685,18.4,18.4
11/11/2015 14:30,18.402,18.7,18.38,18.7
11/11/2015 15:00,18.7,18.75,18.65,18.66
11/11/2015 15:30,18.66,18.9,18.63,18.9
11/11/2015 16:00,18.9,18.9,18.9,18.9
11/12/2015 9:30,19.4,19.423,19.21,19.23
11/12/2015 10:00,19.23,19.4,19.23,19.395
11/12/2015 10:30,19.4,19.48,19.25,19.27
11/12/2015 11:00,19.27,19.48,19.16,19.465
11/12/2015 11:30,19.47,19.61,19.29,19.395
11/12/2015 12:00,19.39,19.72,19.3625,19.6116
11/12/2015 12:30,19.62,19.69,19.49,19.56
11/12/2015 13:00,19.56,19.65,19.5,19.56
11/12/2015 13:30,19.56,19.72,19.525,19.68
11/12/2015 14:00,19.68,20.075,19.65,19.88
11/12/2015 14:30,19.88,20.36,19.86,20.28
11/12/2015 15:00,20.28,20.38,20.13,20.255
11/12/2015 15:30,20.2507,20.61,20.225,20.56
11/12/2015 16:00,20.56,20.56,20.56,20.56
11/13/2015 9:30,20.67,20.93,20.5,20.9
11/13/2015 10:00,20.8901,21.58,20.78,21.52
11/13/2015 10:30,21.52,21.7,21.1,21.11
11/13/2015 11:00,21.1111,21.62,21.1111,21.28
11/13/2015 11:30,21.2733,21.35,21.05,21.05
11/13/2015 12:00,21.0501,21.095,20.69,20.96
11/13/2015 12:30,20.95,21.24,20.91,21.0918
11/13/2015 13:00,21.091,21.46,21.0499,21.4
11/13/2015 13:30,21.4,21.58,21.22,21.42
11/13/2015 14:00,21.43,21.62,21.34,21.61
11/13/2015 14:30,21.6,21.97,21.51,21.875
11/13/2015 15:00,21.87,22.06,21.7,22.04
11/13/2015 15:30,22.0498,22.07,21.84,21.96
11/13/2015 16:00,21.96,21.96,21.96,21.96
11/16/2015 9:30,21.89,22.06,21.08,21.559
11/16/2015 10:00,21.5501,21.64,21.09,21.242
11/16/2015 10:30,21.24,21.4,21.03,21.31
11/16/2015 11:00,21.32,21.56,21.18,21.548
11/16/2015 11:30,21.54,21.55,21.08,21.18
11/16/2015 12:00,21.18,21.22,20.945,20.97
11/16/2015 12:30,20.98,20.98,20.65,20.66
11/16/2015 13:00,20.66,20.7099,20.36,20.5
11/16/2015 13:30,20.5,20.52,20.29,20.29
11/16/2015 14:00,20.29,20.39,20.18,20.24
11/16/2015 14:30,20.24,20.25,20.02,20.03
11/16/2015 15:00,20.029,20.04,19.76,19.84
11/16/2015 15:30,19.83,19.96,19.7,19.75
11/16/2015 16:00,19.75,19.75,19.75,19.75
11/17/2015 9:30,19.51,19.99,19.49,19.81
11/17/2015 10:00,19.8,20.04,19.725,19.8457
11/17/2015 10:30,19.85,19.875,19.4,19.5225
11/17/2015 11:00,19.5202,19.69,19.49,19.59
11/17/2015 11:30,19.59,19.86,19.5,19.85
11/17/2015 12:00,19.85,19.96,19.72,19.95
11/17/2015 12:30,19.948,20.12,19.85,19.945
11/17/2015 13:00,19.9401,20.36,19.91,20.36
11/17/2015 13:30,20.36,20.39,20.11,20.13
11/17/2015 14:00,20.13,20.6,20.05,20.6
11/17/2015 14:30,20.6,21.03,20.56,20.75
11/17/2015 15:00,20.7401,21.18,20.731,20.875
11/17/2015 15:30,20.875,20.97,20.48,20.83
11/17/2015 16:00,20.83,20.83,20.83,20.83
11/18/2015 9:30,20.42,20.46,20.09,20.23
11/18/2015 10:00,20.22,20.34,20.08,20.28
11/18/2015 10:30,20.2718,20.4089,20.18,20.2
11/18/2015 11:00,20.19,20.355,20.12,20.13
11/18/2015 11:30,20.13,20.2,20.01,20.19
11/18/2015 12:00,20.2,20.26,20.035,20.09
11/18/2015 12:30,20.09,20.2,20.05,20.075
11/18/2015 13:00,20.07,20.09,19.83,19.87
11/18/2015 13:30,19.87,20.02,19.82,20.01
11/18/2015 14:00,20.01,20.08,19.57,19.75
11/18/2015 14:30,19.76,19.92,19.49,19.5145
11/18/2015 15:00,19.52,19.7,19.475,19.545
11/18/2015 15:30,19.54,19.585,19.41,19.45
11/18/2015 16:00,19.45,19.45,19.45,19.45
11/19/2015 9:30,19.63,19.8,19.54,19.74
11/19/2015 10:00,19.74,19.9,19.63,19.9
11/19/2015 10:30,19.9,20.12,19.81,19.95
11/19/2015 11:00,19.95,20.06,19.83,19.885
11/19/2015 11:30,19.885,20.19,19.85,20.1682
11/19/2015 12:00,20.1698,20.21,20,20.13
11/19/2015 12:30,20.12,20.14,19.87,19.9015
11/19/2015 13:00,19.91,19.97,19.76,19.9
11/19/2015 13:30,19.9,20.18,19.895,20.17
11/19/2015 14:00,20.1701,20.34,20.17,20.215
11/19/2015 14:30,20.22,20.36,20.151,20.23
11/19/2015 15:00,20.23,20.29,19.99,20.01
11/19/2015 15:30,20.01,20.23,19.98,20.11
11/19/2015 16:00,20.11,20.11,20.11,20.11
11/20/2015 9:30,19.49,19.63,19.29,19.3711
11/20/2015 10:00,19.38,19.52,19.22,19.31
11/20/2015 10:30,19.31,19.5,19.26,19.48
11/20/2015 11:00,19.47,19.55,19.385,19.441
11/20/2015 11:30,19.4499,19.5,19.39,19.4722
11/20/2015 12:00,19.47,19.5,19.28,19.3
11/20/2015 12:30,19.3,19.33,19.23,19.29
11/20/2015 13:00,19.29,19.37,19.235,19.35
11/20/2015 13:30,19.35,19.46,19.31,19.37
11/20/2015 14:00,19.37,19.38,19.23,19.3199
11/20/2015 14:30,19.31,19.44,19.19,19.438
11/20/2015 15:00,19.44,19.59,19.4,19.5
11/20/2015 15:30,19.5,19.51,19.37,19.43
11/20/2015 16:00,19.43,19.43,19.43,19.43
11/23/2015 9:30,19.32,19.46,19.235,19.45
11/23/2015 10:00,19.45,19.52,19.191,19.32
11/23/2015 10:30,19.32,19.4,19.23,19.25
11/23/2015 11:00,19.24,19.31,19.11,19.12
11/23/2015 11:30,19.12,19.15,18.83,18.84
11/23/2015 12:00,18.83,18.94,18.83,18.87
11/23/2015 12:30,18.87,18.93,18.8,18.81
11/23/2015 13:00,18.81,18.89,18.8,18.85
11/23/2015 13:30,18.85,18.93,18.82,18.9
11/23/2015 14:00,18.89,19.35,18.84,19.2299
11/23/2015 14:30,19.23,19.35,19.07,19.09
11/23/2015 15:00,19.085,19.11,18.92,18.93
11/23/2015 15:30,18.9301,18.96,18.84,18.9
11/23/2015 16:00,18.9,18.9,18.9,18.9
11/24/2015 9:30,19.44,19.47,19.27,19.41
11/24/2015 10:00,19.41,19.53,19.33,19.52
11/24/2015 10:30,19.53,19.67,19.5199,19.5789
11/24/2015 11:00,19.58,19.63,19.22,19.22
11/24/2015 11:30,19.21,19.25,19.03,19.112
11/24/2015 12:00,19.11,19.28,19.03,19.205
11/24/2015 12:30,19.2,19.295,19.19,19.24
11/24/2015 13:00,19.24,19.24,18.99,19.01
11/24/2015 13:30,19.001,19.06,18.96,18.99
11/24/2015 14:00,18.99,19.17,18.795,19.0699
11/24/2015 14:30,19.065,19.15,18.97,18.975
11/24/2015 15:00,18.975,19.074,18.83,19.0201
11/24/2015 15:30,19.02,19.146,18.97,19.03
11/24/2015 16:00,19.03,19.03,19.03,19.03
11/25/2015 9:30,18.94,19.12,18.88,18.895
11/25/2015 10:00,18.89,18.97,18.8,18.86
11/25/2015 10:30,18.86,18.87,18.75,18.77
11/25/2015 11:00,18.77,18.88,18.68,18.86
11/25/2015 11:30,18.86,18.92,18.79,18.825
11/25/2015 12:00,18.82,18.825,18.65,18.66
11/25/2015 12:30,18.67,18.725,18.65,18.72
11/25/2015 13:00,18.72,18.78,18.68,18.73
11/25/2015 13:30,18.73,18.815,18.68,18.725
11/25/2015 14:00,18.73,18.765,18.675,18.705
11/25/2015 14:30,18.71,18.74,18.64,18.645
11/25/2015 15:00,18.645,18.67,18.621,18.645
11/25/2015 15:30,18.64,18.82,18.64,18.74
11/25/2015 16:00,18.74,18.74,18.74,18.74
11/27/2015 9:30,18.67,18.885,18.64,18.83
11/27/2015 10:00,18.83,18.96,18.83,18.89
11/27/2015 10:30,18.89,18.95,18.78,18.8586
11/27/2015 11:00,18.85,18.85,18.71,18.77
11/27/2015 11:30,18.775,18.83,18.7,18.81
11/27/2015 12:00,18.81,18.87,18.78,18.869
11/27/2015 12:30,18.86,18.92,18.8,18.91
11/27/2015 13:30,18.91,18.91,18.91,18.91
11/27/2015 16:00,18.91,18.91,18.91,18.91
11/30/2015 9:30,18.78,18.94,18.74,18.852
11/30/2015 10:00,18.85,18.9222,18.71,18.71
11/30/2015 10:30,18.7118,18.79,18.66,18.76
11/30/2015 11:00,18.77,18.82,18.65,18.81
11/30/2015 11:30,18.82,19.01,18.73,18.97
11/30/2015 12:00,18.965,19.02,18.89,18.92
11/30/2015 12:30,18.92,18.98,18.86,18.935
11/30/2015 13:00,18.93,18.97,18.801,18.81
11/30/2015 13:30,18.81,18.86,18.6901,18.72
11/30/2015 14:00,18.72,18.77,18.66,18.73
11/30/2015 14:30,18.74,18.835,18.69,18.83
11/30/2015 15:00,18.835,18.93,18.76,18.91
11/30/2015 15:30,18.91,18.92,18.77,18.8
11/30/2015 16:00,18.8,18.8,18.8,18.8
12/1/2015 9:30,18.55,18.615,18.32,18.42
12/1/2015 10:00,18.42,18.73,18.39,18.5099
12/1/2015 10:30,18.51,18.54,18.315,18.37
12/1/2015 11:00,18.37,18.52,18.345,18.4
12/1/2015 11:30,18.4,18.49,18.35,18.36
12/1/2015 12:00,18.37,18.38,18.28,18.32
12/1/2015 12:30,18.32,18.34,18.23,18.25
12/1/2015 13:00,18.25,18.32,18.24,18.3
12/1/2015 13:30,18.29,18.39,18.26,18.3
12/1/2015 14:00,18.305,18.31,18.12,18.13
12/1/2015 14:30,18.13,18.21,18.12,18.145
12/1/2015 15:00,18.145,18.17,18.1,18.11
12/1/2015 15:30,18.1,18.13,17.96,17.98
12/1/2015 16:00,17.98,17.98,17.98,17.98
12/2/2015 9:30,18.02,18.11,17.83,17.84
12/2/2015 10:00,17.8382,17.95,17.8,17.87
12/2/2015 10:30,17.87,17.92,17.72,17.81
12/2/2015 11:00,17.82,18.0624,17.8,18.06
12/2/2015 11:30,18.055,18.12,17.985,18.07
12/2/2015 12:00,18.07,18.08,17.85,17.851
12/2/2015 12:30,17.85,17.88,17.73,17.83
12/2/2015 13:00,17.83,17.91,17.76,17.76
12/2/2015 13:30,17.76,17.96,17.74,17.96
12/2/2015 14:00,17.951,18.35,17.951,18.24
12/2/2015 14:30,18.24,18.71,18.2292,18.7
12/2/2015 15:00,18.69,18.82,18.415,18.55
12/2/2015 15:30,18.55,18.75,18.505,18.68
12/2/2015 16:00,18.68,18.68,18.68,18.68
12/3/2015 9:30,18.34,18.81,18.25,18.71
12/3/2015 10:00,18.71,19.06,18.71,18.909
12/3/2015 10:30,18.9,18.99,18.708,18.81
12/3/2015 11:00,18.81,18.88,18.52,18.56
12/3/2015 11:30,18.56,18.86,18.535,18.815
12/3/2015 12:00,18.82,19.38,18.8,19.26
12/3/2015 12:30,19.27,19.415,19.115,19.41
12/3/2015 13:00,19.4,19.51,19.18,19.245
12/3/2015 13:30,19.24,19.66,19.23,19.63
12/3/2015 14:00,19.64,20.02,19.57,20
12/3/2015 14:30,19.9976,20.48,19.97,20.02
12/3/2015 15:00,20.029,20.38,19.975,20.31
12/3/2015 15:30,20.3,20.43,19.9799,20.02
12/3/2015 16:00,20.02,20.02,20.02,20.02
12/4/2015 9:30,19.43,19.61,19.04,19.26
12/4/2015 10:00,19.2601,19.366,19.08,19.14
12/4/2015 10:30,19.12,19.26,18.715,18.74
12/4/2015 11:00,18.75,18.93,18.71,18.93
12/4/2015 11:30,18.93,18.97,18.81,18.87
12/4/2015 12:00,18.87,19,18.76,18.93
12/4/2015 12:30,18.94,18.95,18.56,18.57
12/4/2015 13:00,18.5689,18.64,18.46,18.59
12/4/2015 13:30,18.59,18.66,18.4899,18.51
12/4/2015 14:00,18.51,18.67,18.4737,18.48
12/4/2015 14:30,18.48,18.53,18.235,18.27
12/4/2015 15:00,18.26,18.37,18.21,18.31
12/4/2015 15:30,18.315,18.46,18.19,18.2185
12/4/2015 16:00,18.2185,18.2185,18.2185,18.2185
12/7/2015 9:30,18.23,18.64,18.23,18.64
12/7/2015 10:00,18.64,18.77,18.57,18.71
12/7/2015 10:30,18.72,19.085,18.71,18.93
12/7/2015 11:00,18.93,19.16,18.84,19.148
12/7/2015 11:30,19.15,19.16,18.76,18.815
12/7/2015 12:00,18.8199,19,18.8199,18.98
12/7/2015 12:30,18.98,19.15,18.965,19.09
12/7/2015 13:00,19.08,19.205,18.92,19.01
12/7/2015 13:30,19.02,19.19,18.97,19.0199
12/7/2015 14:00,19.02,19.099,18.87,18.98
12/7/2015 14:30,18.98,19.19,18.89,19.18
12/7/2015 15:00,19.18,19.28,18.97,19.02
12/7/2015 15:30,19.02,19.04,18.59,18.65
12/7/2015 16:00,18.65,18.65,18.65,18.65
12/8/2015 9:30,19.41,19.61,19.2444,19.5311
12/8/2015 10:00,19.54,19.67,19.34,19.62
12/8/2015 10:30,19.62,19.68,19.07,19.09
12/8/2015 11:00,19.08,19.13,18.79,19.09
12/8/2015 11:30,19.1,19.4,19.09,19.248
12/8/2015 12:00,19.25,19.55,19.24,19.43
12/8/2015 12:30,19.42,19.5,19.24,19.241
12/8/2015 13:00,19.24,19.58,19.175,19.51
12/8/2015 13:30,19.505,19.505,19.305,19.32
12/8/2015 14:00,19.3139,19.34,19.03,19.26
12/8/2015 14:30,19.27,19.37,19.18,19.32
12/8/2015 15:00,19.32,19.48,19.22,19.44
12/8/2015 15:30,19.435,19.51,19.185,19.23
12/8/2015 16:00,19.23,19.23,19.23,19.23
12/9/2015 9:30,19.48,19.57,19.08,19.19
12/9/2015 10:00,19.2,19.26,18.94,19.07
12/9/2015 10:30,19.06,19.1,18.754,18.96
12/9/2015 11:00,18.96,19.34,18.93,19.298
12/9/2015 11:30,19.29,19.83,19.27,19.79
12/9/2015 12:00,19.7999,20.23,19.56,20.19
12/9/2015 12:30,20.19,20.59,20.12,20.39
12/9/2015 13:00,20.38,20.51,20.15,20.295
12/9/2015 13:30,20.29,20.43,19.925,20.07
12/9/2015 14:00,20.07,20.33,19.99,20.27
12/9/2015 14:30,20.27,20.47,20.155,20.445
12/9/2015 15:00,20.445,20.46,19.92,20.03
12/9/2015 15:30,20.02,20.08,19.75,19.99
12/9/2015 16:00,19.99,19.99,19.99,19.99
12/10/2015 9:30,20.11,20.2624,19.8259,20.17
12/10/2015 10:00,20.16,20.37,20.02,20.19
12/10/2015 10:30,20.19,20.22,19.9,20.105
12/10/2015 11:00,20.109,20.18,19.91,20.06
12/10/2015 11:30,20.06,20.23,20,20.135
12/10/2015 12:00,20.14,20.47,20.125,20.398
12/10/2015 12:30,20.39,20.5,20.11,20.11
12/10/2015 13:00,20.1,20.32,20.1,20.2
12/10/2015 13:30,20.2,20.21,19.95,20.09
12/10/2015 14:00,20.0819,20.12,19.63,19.64
12/10/2015 14:30,19.64,19.87,19.55,19.82
12/10/2015 15:00,19.8101,20.28,19.765,20.15
12/10/2015 15:30,20.14,20.4,20.06,20.28
12/10/2015 16:00,20.28,20.28,20.28,20.28
12/11/2015 9:30,21.34,21.52,21.11,21.4
12/11/2015 10:00,21.395,21.47,21.12,21.23
12/11/2015 10:30,21.23,21.66,21.17,21.6255
12/11/2015 11:00,21.6299,21.82,21.45,21.61
12/11/2015 11:30,21.6,21.81,21.565,21.73
12/11/2015 12:00,21.73,22.62,21.71,22.538
12/11/2015 12:30,22.5399,22.72,22.4,22.47
12/11/2015 13:00,22.46,22.65,22.17,22.63
12/11/2015 13:30,22.64,22.83,22.445,22.59
12/11/2015 14:00,22.5899,22.61,22.17,22.499
12/11/2015 14:30,22.48,22.77,22.46,22.74
12/11/2015 15:00,22.74,23.73,22.57,23.48
12/11/2015 15:30,23.48,23.64,23.07,23.32
12/11/2015 16:00,23.32,23.32,23.32,23.32
12/14/2015 9:30,23.14,23.63,22.86,23.58
12/14/2015 10:00,23.58,23.83,23.03,23.795
12/14/2015 10:30,23.8,23.91,23.48,23.68
12/14/2015 11:00,23.6889,24.17,23.66,23.97
12/14/2015 11:30,23.97,24.28,23.67,23.75
12/14/2015 12:00,23.74,23.87,22.57,22.6
12/14/2015 12:30,22.6,23.17,22.49,22.55
12/14/2015 13:00,22.54,22.86,22.33,22.74
12/14/2015 13:30,22.75,22.94,22.51,22.51
12/14/2015 14:00,22.52,22.73,22.2,22.31
12/14/2015 14:30,22.31,22.53,21.9,22
12/14/2015 15:00,22.0089,22.34,22.0089,22.15
12/14/2015 15:30,22.15,22.15,21.45,21.67
12/14/2015 16:00,21.67,21.67,21.67,21.67
12/15/2015 9:30,20.89,21,20.67,20.79
12/15/2015 10:00,20.8,21.31,20.79,21.09
12/15/2015 10:30,21.08,21.385,21.04,21.23
12/15/2015 11:00,21.24,21.29,21.1019,21.18
12/15/2015 11:30,21.18,21.6,21.115,21.47
12/15/2015 12:00,21.48,21.53,21.29,21.32
12/15/2015 12:30,21.32,21.32,20.87,20.89
12/15/2015 13:00,20.88,21.21,20.82,21.17
12/15/2015 13:30,21.17,21.21,20.7,20.71
12/15/2015 14:00,20.72,20.88,20.52,20.6
12/15/2015 14:30,20.59,20.65,20.45,20.53
12/15/2015 15:00,20.525,20.8,20.49,20.745
12/15/2015 15:30,20.7499,20.88,20.57,20.76
12/15/2015 16:00,20.76,20.76,20.76,20.76
12/16/2015 9:30,20.01,20.25,19.89,20.24
12/16/2015 10:00,20.23,20.31,20.13,20.24
12/16/2015 10:30,20.24,20.4,20.17,20.35
12/16/2015 11:00,20.34,20.52,20.255,20.51
12/16/2015 11:30,20.5099,20.51,20.264,20.32
12/16/2015 12:00,20.31,20.32,20.17,20.21
12/16/2015 12:30,20.21,20.43,20.13,20.41
12/16/2015 13:00,20.41,20.44,20.21,20.22
12/16/2015 13:30,20.22,20.29,19.93,20.07
12/16/2015 14:00,20.08,20.43,19.44,19.8125
12/16/2015 14:30,19.8,20.01,18.98,18.99
12/16/2015 15:00,18.98,19.38,18.97,19.03
12/16/2015 15:30,19.03,19.3594,19.01,19.34
12/16/2015 16:00,19.34,19.34,19.34,19.34
12/17/2015 9:30,19.21,19.825,19.1989,19.615
12/17/2015 10:00,19.62,20.07,19.6,19.88
12/17/2015 10:30,19.88,20.2,19.78,20.11
12/17/2015 11:00,20.1099,20.34,19.98,20.23
12/17/2015 11:30,20.23,20.38,20.03,20.13
12/17/2015 12:00,20.13,20.31,19.94,20.1
12/17/2015 12:30,20.11,20.37,20,20.18
12/17/2015 13:00,20.18,20.23,19.95,20.09
12/17/2015 13:30,20.095,20.145,19.6,19.625
12/17/2015 14:00,19.63,19.81,19.5,19.772
12/17/2015 14:30,19.78,20.105,19.67,19.9
12/17/2015 15:00,19.9,20.16,19.8301,20.01
12/17/2015 15:30,20.009,20.17,19.765,20.1592
12/17/2015 16:00,20.1592,20.1592,20.1592,20.1592
12/18/2015 9:30,20.83,21.04,20.59,20.81
12/18/2015 10:00,20.81,21.12,20.725,21.06
12/18/2015 10:30,21.0699,21.25,20.88,20.8954
12/18/2015 11:00,20.9,21,20.69,20.94
12/18/2015 11:30,20.93,21.2,20.83,21.12
12/18/2015 12:00,21.12,21.57,21.08,21.5249
12/18/2015 12:30,21.521,21.92,21.52,21.88
12/18/2015 13:00,21.87,21.955,21.7,21.87
12/18/2015 13:30,21.87,21.96,21.72,21.79
12/18/2015 14:00,21.79,21.79,21.28,21.34
12/18/2015 14:30,21.346,21.74,21.335,21.55
12/18/2015 15:00,21.56,21.96,21.35,21.78
12/18/2015 15:30,21.78,21.785,21.4,21.77
12/18/2015 16:00,21.77,21.77,21.77,21.77
12/21/2015 9:30,20.96,21.25,20.83,21.18
12/21/2015 10:00,21.18,21.19,20.93,21.02
12/21/2015 10:30,21.01,21.21,20.9,21.1
12/21/2015 11:00,21.1,21.47,21,21.37
12/21/2015 11:30,21.37,21.775,21.36,21.5334
12/21/2015 12:00,21.53,21.66,21.43,21.57
12/21/2015 12:30,21.56,21.57,21.1399,21.21
12/21/2015 13:00,21.2101,21.2299,21.03,21.05
12/21/2015 13:30,21.04,21.14,20.88,21.12
12/21/2015 14:00,21.12,21.35,21.01,21.32
12/21/2015 14:30,21.32,21.436,21.19,21.22
12/21/2015 15:00,21.23,21.58,21.1,21.478
12/21/2015 15:30,21.478,21.51,20.73,20.76
12/21/2015 16:00,20.76,20.76,20.76,20.76
12/22/2015 9:30,20.08,20.36,20.06,20.1989
12/22/2015 10:00,20.19,20.35,20.04,20.07
12/22/2015 10:30,20.07,20.17,19.97,20.065
12/22/2015 11:00,20.06,20.18,19.85,20.0898
12/22/2015 11:30,20.08,20.08,19.82,19.87
12/22/2015 12:00,19.87,20.05,19.86,19.88
12/22/2015 12:30,19.88,19.895,19.71,19.73
12/22/2015 13:00,19.73,19.87,19.69,19.74
12/22/2015 13:30,19.74,19.86,19.65,19.66
12/22/2015 14:00,19.65,19.7,19.59,19.68
12/22/2015 14:30,19.68,19.75,19.62,19.625
12/22/2015 15:00,19.63,19.66,19.51,19.57
12/22/2015 15:30,19.56,19.97,19.54,19.74
12/22/2015 16:00,19.74,19.74,19.74,19.74
12/23/2015 9:30,19.25,19.43,19.17,19.31
12/23/2015 10:00,19.31,19.385,19.2,19.325
12/23/2015 10:30,19.32,19.38,19.12,19.13
12/23/2015 11:00,19.13,19.31,19.11,19.24
12/23/2015 11:30,19.23,19.306,19.2,19.27
12/23/2015 12:00,19.27,19.29,19.15,19.26
12/23/2015 12:30,19.26,19.475,19.24,19.3799
12/23/2015 13:00,19.3799,19.6,19.32,19.53
12/23/2015 13:30,19.53,19.71,19.31,19.32
12/23/2015 14:00,19.32,19.35,19.21,19.33
12/23/2015 14:30,19.33,19.44,19.25,19.32
12/23/2015 15:00,19.319,19.33,19.21,19.29
12/23/2015 15:30,19.29,19.4,19.26,19.271
12/23/2015 16:00,19.271,19.271,19.271,19.271
12/24/2015 9:30,19.41,19.6,19.33,19.595
12/24/2015 10:00,19.6,19.68,19.49,19.52
12/24/2015 10:30,19.52,19.6,19.49,19.55
12/24/2015 11:00,19.545,19.59,19.5,19.54
12/24/2015 11:30,19.54,19.61,19.49,19.51
12/24/2015 12:00,19.51,19.55,19.45,19.45
12/24/2015 12:30,19.45,19.64,19.41,19.64
12/24/2015 13:00,19.62,19.62,19.62,19.62
12/24/2015 13:30,19.62,19.62,19.62,19.62
12/24/2015 16:00,19.62,19.62,19.62,19.62
12/28/2015 9:30,19.96,20.13,19.918,20.09
12/28/2015 10:00,20.09,20.3,20.08,20.19
12/28/2015 10:30,20.1899,20.36,20.14,20.29
12/28/2015 11:00,20.3,20.34,20.11,20.21
12/28/2015 11:30,20.21,20.25,19.945,20.09
12/28/2015 12:00,20.08,20.19,20.01,20.03
12/28/2015 12:30,20.03,20.12,19.96,20.031
12/28/2015 13:00,20.04,20.04,19.65,19.65
12/28/2015 13:30,19.65,19.72,19.53,19.67
12/28/2015 14:00,19.6701,19.69,19.45,19.4699
12/28/2015 14:30,19.465,19.56,19.45,19.482
12/28/2015 15:00,19.48,19.57,19.41,19.46
12/28/2015 15:30,19.455,19.51,19.36,19.39
12/28/2015 16:00,19.39,19.39,19.39,19.39
12/29/2015 9:30,19.08,19.2,18.94,19.07
12/29/2015 10:00,19.07,19.15,18.99,18.99
12/29/2015 10:30,18.995,19.08,18.96,19.05
12/29/2015 11:00,19.06,19.08,18.97,19.04
12/29/2015 11:30,19.04,19.26,19.01,19.2
12/29/2015 12:00,19.2,19.25,19.06,19.14
12/29/2015 12:30,19.14,19.19,19.08,19.14
12/29/2015 13:00,19.145,19.15,19.04,19.1299
12/29/2015 13:30,19.1299,19.165,19.03,19.0599
12/29/2015 14:00,19.05,19.1,19.02,19.0424
12/29/2015 14:30,19.04,19.155,19.04,19.05
12/29/2015 15:00,19.05,19.12,19.03,19.1
12/29/2015 15:30,19.09,19.21,19,19.07
12/29/2015 16:00,19.07,19.07,19.07,19.07
12/30/2015 9:30,19.29,19.49,19.24,19.42
12/30/2015 10:00,19.42,19.53,19.32,19.53
12/30/2015 10:30,19.53,19.54,19.4,19.46
12/30/2015 11:00,19.46,19.5301,19.4,19.46
12/30/2015 11:30,19.45,19.58,19.45,19.51
12/30/2015 12:00,19.51,19.55,19.47,19.485
12/30/2015 12:30,19.49,19.545,19.46,19.51
12/30/2015 13:00,19.5,19.5589,19.48,19.52
12/30/2015 13:30,19.51,19.52,19.35,19.372
12/30/2015 14:00,19.37,19.4,19.3,19.36
12/30/2015 14:30,19.36,19.4899,19.33,19.46
12/30/2015 15:00,19.465,19.51,19.43,19.5
12/30/2015 15:30,19.495,19.7,19.475,19.62
12/30/2015 16:00,19.62,19.62,19.62,19.62
12/31/2015 9:30,19.89,20,19.79,19.92
12/31/2015 10:00,19.92,20.03,19.87,20.02
12/31/2015 10:30,20.02,20.11,19.93,19.969
12/31/2015 11:00,19.97,19.99,19.87,19.93
12/31/2015 11:30,19.94,19.96,19.7,19.706
12/31/2015 12:00,19.703,19.78,19.58,19.58
12/31/2015 12:30,19.57,19.76,19.53,19.752
12/31/2015 13:00,19.76,19.99,19.72,19.93
12/31/2015 13:30,19.921,19.94,19.68,19.75
12/31/2015 14:00,19.75,19.925,19.74,19.88
12/31/2015 14:30,19.88,19.94,19.83,19.94
12/31/2015 15:00,19.935,20.06,19.92,20.03
12/31/2015 15:30,20.02,20.14,19.87,20.1
12/31/2015 16:00,20.1,20.1,20.1,20.1
1/4/2016 9:30,21.66,21.81,21.38,21.5
1/4/2016 10:00,21.4901,21.78,21.44,21.6001
1/4/2016 10:30,21.61,21.88,21.57,21.8611
1/4/2016 11:00,21.87,22.05,21.855,21.91
1/4/2016 11:30,21.92,21.93,21.56,21.71
1/4/2016 12:00,21.71,21.94,21.705,21.9
1/4/2016 12:30,21.9015,21.96,21.6101,21.73
1/4/2016 13:00,21.73,21.77,21.54,21.67
1/4/2016 13:30,21.67,21.84,21.58,21.805
1/4/2016 14:00,21.81,22.03,21.805,21.92
1/4/2016 14:30,21.915,22.18,21.9,22.03
1/4/2016 15:00,22.013,22.34,22.013,22.23
1/4/2016 15:30,22.23,22.24,21.25,21.339
1/4/2016 16:00,21.339,21.339,21.339,21.339
1/5/2016 9:30,20.86,21.34,20.76,21.27
1/5/2016 10:00,21.27,21.39,21.145,21.33
1/5/2016 10:30,21.34,21.3899,21.02,21.0801
1/5/2016 11:00,21.08,21.34,21.02,21.3
1/5/2016 11:30,21.3,21.32,21.09,21.16
1/5/2016 12:00,21.17,21.51,21.1699,21.37
1/5/2016 12:30,21.3701,21.5,21.3,21.33
1/5/2016 13:00,21.33,21.38,21.19,21.215
1/5/2016 13:30,21.211,21.255,20.72,20.86
1/5/2016 14:00,20.85,20.92,20.48,20.602
1/5/2016 14:30,20.6,20.725,20.515,20.63
1/5/2016 15:00,20.64,20.99,20.62,20.78
1/5/2016 15:30,20.78,20.87,20.57,20.67
1/5/2016 16:00,20.67,20.67,20.67,20.67
1/6/2016 9:30,22.045,22.06,21.54,21.69
1/6/2016 10:00,21.69,21.8,21.32,21.38
1/6/2016 10:30,21.37,21.7501,21.35,21.58
1/6/2016 11:00,21.58,21.63,21.26,21.35
1/6/2016 11:30,21.35,21.51,21.24,21.48
1/6/2016 12:00,21.49,21.66,21.43,21.61
1/6/2016 12:30,21.62,21.67,21.39,21.6
1/6/2016 13:00,21.605,21.76,21.535,21.679
1/6/2016 13:30,21.67,21.855,21.57,21.8
1/6/2016 14:00,21.7938,21.84,21.37,21.52
1/6/2016 14:30,21.51,22.01,21.46,21.965
1/6/2016 15:00,21.97,22.03,21.465,21.481
1/6/2016 15:30,21.48,21.49,21.25,21.29
1/6/2016 16:00,21.29,21.29,21.29,21.29
1/7/2016 9:30,22.75,22.82,22.18,22.45
1/7/2016 10:00,22.45,22.765,22.4,22.47
1/7/2016 10:30,22.47,22.5,22.17,22.28
1/7/2016 11:00,22.28,22.68,22.22,22.5
1/7/2016 11:30,22.5,22.86,22.44,22.85
1/7/2016 12:00,22.86,23,22.72,22.97
1/7/2016 12:30,22.9701,23.11,22.86,23.02
1/7/2016 13:00,23.02,23.48,22.99,23.29
1/7/2016 13:30,23.295,23.74,23.29,23.61
1/7/2016 14:00,23.6199,23.84,23.521,23.79
1/7/2016 14:30,23.8,23.95,23.24,23.66
1/7/2016 15:00,23.67,23.85,23.43,23.84
1/7/2016 15:30,23.83,23.85,23.03,23.6
1/7/2016 16:00,23.6,23.6,23.6,23.6
1/8/2016 9:30,22.75,23.04,22.49,22.84
1/8/2016 10:00,22.8499,23.4,22.81,23.17
1/8/2016 10:30,23.17,23.32,23.03,23.2501
1/8/2016 11:00,23.25,23.795,23.13,23.72
1/8/2016 11:30,23.72,23.98,23.5,23.5289
1/8/2016 12:00,23.53,23.6,23.16,23.175
1/8/2016 12:30,23.18,23.48,23.16,23.42
1/8/2016 13:00,23.43,23.66,23.31,23.53
1/8/2016 13:30,23.53,23.69,23.285,23.64
1/8/2016 14:00,23.6401,23.87,23.44,23.87
1/8/2016 14:30,23.87,23.99,23.68,23.94
1/8/2016 15:00,23.94,24.43,23.75,24.34
1/8/2016 15:30,24.34,25.16,24.34,24.83
1/8/2016 16:00,24.83,24.83,24.83,24.83
1/11/2016 9:30,24.55,25.17,24.33,25.07
1/11/2016 10:00,25.08,25.13,24.74,24.93
1/11/2016 10:30,24.93,25.55,24.73,25.45
1/11/2016 11:00,25.45,25.73,25.29,25.44
1/11/2016 11:30,25.43,25.67,24.99,25.17
1/11/2016 12:00,25.16,25.7,25.12,25.6601
1/11/2016 12:30,25.67,25.86,25.415,25.73
1/11/2016 13:00,25.73,26.26,25.57,26.24
1/11/2016 13:30,26.24,26.73,26.1,26.46
1/11/2016 14:00,26.45,26.64,25.51,25.54
1/11/2016 14:30,25.54,25.87,25.42,25.71
1/11/2016 15:00,25.7,26.03,24.71,24.73
1/11/2016 15:30,24.73,24.87,23.82,24.02
1/11/2016 16:00,24.02,24.02,24.02,24.02
1/12/2016 9:30,23.05,23.29,22.87,23.11
1/12/2016 10:00,23.1064,23.68,23.03,23.61
1/12/2016 10:30,23.6,23.88,23.315,23.69
1/12/2016 11:00,23.7,24.15,23.63,24.05
1/12/2016 11:30,24.04,24.46,23.66,23.712
1/12/2016 12:00,23.71,24.04,23.24,23.845
1/12/2016 12:30,23.85,24.165,23.595,23.8
1/12/2016 13:00,23.8,23.9,23.43,23.855
1/12/2016 13:30,23.85,23.94,23.26,23.61
1/12/2016 14:00,23.62,24.11,23.545,23.755
1/12/2016 14:30,23.75,23.77,23.14,23.22
1/12/2016 15:00,23.22,23.57,22.88,23.17
1/12/2016 15:30,23.16,23.25,22.825,22.91
1/12/2016 16:00,22.91,22.91,22.91,22.91
1/13/2016 9:30,22.46,23.12,22.39,22.94
1/13/2016 10:00,22.95,23.32,22.76,23.2
1/13/2016 10:30,23.2,23.52,22.98,22.99
1/13/2016 11:00,23,23.385,22.99,23.23
1/13/2016 11:30,23.23,23.76,23.08,23.67
1/13/2016 12:00,23.679,23.795,23.51,23.63
1/13/2016 12:30,23.63,23.99,23.62,23.91
1/13/2016 13:00,23.91,24.06,23.78,24.04
1/13/2016 13:30,24.036,24.58,23.913,24.54
1/13/2016 14:00,24.53,24.85,24.31,24.66
1/13/2016 14:30,24.66,25.6599,24.64,24.96
1/13/2016 15:00,24.96,25.23,24.31,24.71
1/13/2016 15:30,24.71,25.38,24.53,25.2
1/13/2016 16:00,25.2,25.2,25.2,25.2
1/14/2016 9:30,24.97,26.12,24.88,25.99
1/14/2016 10:00,25.99,26.15,24.52,24.55
1/14/2016 10:30,24.55,24.79,24.07,24.735
1/14/2016 11:00,24.74,25.12,24.5,24.88
1/14/2016 11:30,24.88,25.09,24.525,24.54
1/14/2016 12:00,24.53,24.93,24.37,24.67
1/14/2016 12:30,24.68,24.9301,24.39,24.91
1/14/2016 13:00,24.92,24.99,24.38,24.47
1/14/2016 13:30,24.464,24.71,24.33,24.42
1/14/2016 14:00,24.42,24.6,24.14,24.16
1/14/2016 14:30,24.16,24.27,23.72,23.834
1/14/2016 15:00,23.8399,24.005,23.63,24
1/14/2016 15:30,23.9901,24.455,23.97,24.29
1/14/2016 16:00,24.29,24.29,24.29,24.29
1/15/2016 9:30,26.98,27.04,25.9589,26.61
1/15/2016 10:00,26.61,26.84,26.27,26.5399
1/15/2016 10:30,26.54,26.76,26.25,26.71
1/15/2016 11:00,26.71,26.86,26.58,26.66
1/15/2016 11:30,26.67,26.92,26.535,26.87
1/15/2016 12:00,26.87,27.29,26.72,27.22
1/15/2016 12:30,27.22,27.64,26.91,26.91
1/15/2016 13:00,26.92,27.38,26.9,27.28
1/15/2016 13:30,27.286,27.44,26.83,26.98
1/15/2016 14:00,26.99,27.39,26.87,27.37
1/15/2016 14:30,27.3715,27.48,26.2452,26.26
1/15/2016 15:00,26.2683,27.22,26.1001,26.59
1/15/2016 15:30,26.6,26.92,26.33,26.71
1/15/2016 16:00,26.7,26.7,26.7,26.7
1/19/2016 9:30,25.69,26.81,25.68,26.41
1/19/2016 10:00,26.4,26.65,25.97,26
1/19/2016 10:30,26,26.62,25.85,26.61
1/19/2016 11:00,26.61,26.8,26.31,26.32
1/19/2016 11:30,26.32,26.49,26.09,26.42
1/19/2016 12:00,26.44,26.8999,26.35,26.72
1/19/2016 12:30,26.72,27.01,26.4489,26.82
1/19/2016 13:00,26.82,26.91,26.55,26.86
1/19/2016 13:30,26.87,27.16,26.76,27.11
1/19/2016 14:00,27.11,27.63,26.985,27.325
1/19/2016 14:30,27.335,27.95,27.28,27.59
1/19/2016 15:00,27.59,27.7,26.8,26.81
1/19/2016 15:30,26.8,26.97,26.365,26.71
1/19/2016 16:00,26.71,26.71,26.71,26.71
1/20/2016 9:30,27.59,28.34,27.42,28.23
1/20/2016 10:00,28.23,28.4,28.08,28.28
1/20/2016 10:30,28.275,29.1,28.25,28.97
1/20/2016 11:00,28.9611,28.98,28.38,28.59
1/20/2016 11:30,28.59,29.06,28.37,28.9101
1/20/2016 12:00,28.9199,29.69,28.75,29.55
1/20/2016 12:30,29.54,29.71,28.91,28.9185
1/20/2016 13:00,28.911,29.4,28.63,29
1/20/2016 13:30,29,29.02,27.96,28.17
1/20/2016 14:00,28.16,28.6619,27.96,28.34
1/20/2016 14:30,28.34,28.65,27.94,28.23
1/20/2016 15:00,28.22,28.37,26.814,26.87
1/20/2016 15:30,26.88,27.63,26.79,27.411
1/20/2016 16:00,27.411,27.411,27.411,27.411
1/21/2016 9:30,27.08,28.48,27.08,28.28
1/21/2016 10:00,28.28,28.31,27.03,27.28
1/21/2016 10:30,27.29,27.53,26.95,27.465
1/21/2016 11:00,27.46,27.6665,26.89,27.3
1/21/2016 11:30,27.3,27.34,26.64,26.65
1/21/2016 12:00,26.64,26.9,26.32,26.63
1/21/2016 12:30,26.63,26.83,26.41,26.6502
1/21/2016 13:00,26.655,27.15,26.37,27.14
1/21/2016 13:30,27.13,27.31,26.79,27.05
1/21/2016 14:00,27.05,27.73,26.98,27.354
1/21/2016 14:30,27.35,27.48,26.96,27.09
1/21/2016 15:00,27.09,27.6584,27.09,27.55
1/21/2016 15:30,27.56,27.5615,27.04,27.29
1/21/2016 16:00,27.29,27.29,27.29,27.29
1/22/2016 9:30,26.04,26.31,25.82,25.8301
1/22/2016 10:00,25.84,25.98,25.72,25.78
1/22/2016 10:30,25.79,26.02,25.67,26
1/22/2016 11:00,26.01,26.13,25.76,25.82
1/22/2016 11:30,25.82,26.12,25.79,26.03
1/22/2016 12:00,26.036,26.04,25.73,25.8
1/22/2016 12:30,25.8,25.88,25.53,25.555
1/22/2016 13:00,25.56,25.695,25.38,25.46
1/22/2016 13:30,25.455,25.59,25.26,25.28
1/22/2016 14:00,25.29,25.475,25.14,25.4111
1/22/2016 14:30,25.42,25.58,25.31,25.355
1/22/2016 15:00,25.355,25.52,25.27,25.28
1/22/2016 15:30,25.28,25.43,24.98,25
1/22/2016 16:00,25,25,25,25
1/25/2016 9:30,25.315,25.55,25.22,25.38
1/25/2016 10:00,25.38,25.53,25.12,25.37
1/25/2016 10:30,25.36,25.7,25.29,25.67
1/25/2016 11:00,25.67,25.88,25.575,25.6
1/25/2016 11:30,25.609,25.8,25.4701,25.56
1/25/2016 12:00,25.56,25.625,25.44,25.545
1/25/2016 12:30,25.55,25.63,25.23,25.26
1/25/2016 13:00,25.26,25.3,24.92,25.15
1/25/2016 13:30,25.15,25.55,25.07,25.55
1/25/2016 14:00,25.55,25.73,25.36,25.558
1/25/2016 14:30,25.555,25.83,25.55,25.67
1/25/2016 15:00,25.67,26.1,25.545,26.08
1/25/2016 15:30,26.08,26.37,25.99,26.24
1/25/2016 16:00,26.24,26.24,26.24,26.24
1/26/2016 9:30,25.87,26.22,25.65,26.1
1/26/2016 10:00,26.09,26.09,25.435,25.561
1/26/2016 10:30,25.56,25.689,25.4,25.66
1/26/2016 11:00,25.66,25.66,25.41,25.48
1/26/2016 11:30,25.47,25.69,25.45,25.49
1/26/2016 12:00,25.48,25.49,25.07,25.13
1/26/2016 12:30,25.13,25.29,25.06,25.19
1/26/2016 13:00,25.19,25.2701,24.96,25.09
1/26/2016 13:30,25.095,25.21,25.03,25.17
1/26/2016 14:00,25.16,25.31,25.09,25.3
1/26/2016 14:30,25.3,25.5,25.2,25.36
1/26/2016 15:00,25.36,25.5,25.21,25.27
1/26/2016 15:30,25.2751,25.32,24.96,24.99
1/26/2016 16:00,24.99,24.99,24.99,24.99
1/27/2016 9:30,25.3,25.44,25.18,25.375
1/27/2016 10:00,25.38,25.66,25.34,25.49
1/27/2016 10:30,25.49,25.544,25.165,25.32
1/27/2016 11:00,25.31,25.39,25.11,25.13
1/27/2016 11:30,25.13,25.14,24.65,24.75
1/27/2016 12:00,24.75,24.83,24.55,24.75
1/27/2016 12:30,24.75,24.89,24.68,24.89
1/27/2016 13:00,24.89,24.97,24.72,24.95
1/27/2016 13:30,24.96,24.97,24.68,24.78
1/27/2016 14:00,24.7999,25.47,24.3,25.031
1/27/2016 14:30,25.04,25.72,25,25.65
1/27/2016 15:00,25.66,26.38,25.64,26.09
1/27/2016 15:30,26.09,26.27,25.93,26.01
1/27/2016 16:00,26.0192,26.0192,26.0192,26.0192
1/28/2016 9:30,25.17,25.47,24.96,25.405
1/28/2016 10:00,25.4,26.05,25.35,26.02
1/28/2016 10:30,26.02,26.3,25.605,25.7
1/28/2016 11:00,25.7,25.72,25.33,25.66
1/28/2016 11:30,25.6699,26,25.605,25.942
1/28/2016 12:00,25.94,25.95,25.335,25.341
1/28/2016 12:30,25.35,25.65,25.17,25.55
1/28/2016 13:00,25.54,25.7,25.26,25.48
1/28/2016 13:30,25.47,25.58,25.2899,25.56
1/28/2016 14:00,25.565,25.57,25.14,25.15
1/28/2016 14:30,25.15,25.4901,25.105,25.32
1/28/2016 15:00,25.33,25.45,25.16,25.31
1/28/2016 15:30,25.32,25.35,25.035,25.15
1/28/2016 16:00,25.15,25.15,25.15,25.15
1/29/2016 9:30,24.97,25.08,24.59,24.6792
1/29/2016 10:00,24.65,24.72,24.5,24.68
1/29/2016 10:30,24.68,24.72,24.51,24.53
1/29/2016 11:00,24.53,24.55,24.36,24.46
1/29/2016 11:30,24.45,24.5766,24.26,24.3
1/29/2016 12:00,24.3,24.4,24.1857,24.24
1/29/2016 12:30,24.24,24.37,24.11,24.17
1/29/2016 13:00,24.16,24.28,24.14,24.21
1/29/2016 13:30,24.2,24.325,24.155,24.31
1/29/2016 14:00,24.31,24.46,24.22,24.235
1/29/2016 14:30,24.24,24.44,24.19,24.355
1/29/2016 15:00,24.355,24.38,24.1,24.103
1/29/2016 15:30,24.105,24.23,24.045,24.12
1/29/2016 16:00,24.12,24.12,24.12,24.12
2/1/2016 9:30,24.25,24.58,24.23,24.49
2/1/2016 10:00,24.49,24.675,24.31,24.499
2/1/2016 10:30,24.49,24.525,24.04,24.1
2/1/2016 11:00,24.1,24.2,23.97,24.03
2/1/2016 11:30,24.03,24.08,23.87,23.9
2/1/2016 12:00,23.9,24.24,23.85,24.191
2/1/2016 12:30,24.2,24.41,24.15,24.3599
2/1/2016 13:00,24.36,24.385,24.09,24.09
2/1/2016 13:30,24.09,24.31,24.06,24.07
2/1/2016 14:00,24.08,24.19,23.97,24.06
2/1/2016 14:30,24.06,24.11,23.9,23.95
2/1/2016 15:00,23.95,24.055,23.67,23.675
2/1/2016 15:30,23.67,23.86,23.55,23.84
2/1/2016 16:00,23.84,23.84,23.84,23.84
2/2/2016 9:30,24.59,25.18,24.55,25.035
2/2/2016 10:00,25.04,25.18,24.72,25.01
2/2/2016 10:30,25.01,25.07,24.78,24.91
2/2/2016 11:00,24.92,24.9799,24.65,24.78
2/2/2016 11:30,24.79,25.09,24.71,25.06
2/2/2016 12:00,25.07,25.3289,25,25.01
2/2/2016 12:30,25.02,25.14,24.89,25.01
2/2/2016 13:00,25.01,25.23,24.97,24.979
2/2/2016 13:30,24.97,25.33,24.97,25.32
2/2/2016 14:00,25.32,25.41,25.17,25.38
2/2/2016 14:30,25.38,25.4,25.11,25.375
2/2/2016 15:00,25.38,25.63,25.32,25.53
2/2/2016 15:30,25.52,25.5721,25.35,25.4
2/2/2016 16:00,25.4,25.4,25.4,25.4
2/3/2016 9:30,25,25.69,24.97,25.67
2/3/2016 10:00,25.67,26.55,25.67,26.5
2/3/2016 10:30,26.505,26.86,25.81,25.87
2/3/2016 11:00,25.87,26.48,25.8,25.91
2/3/2016 11:30,25.91,26.2003,25.59,25.87
2/3/2016 12:00,25.88,26.19,25.74,25.99
2/3/2016 12:30,25.99,26.34,25.87,25.93
2/3/2016 13:00,25.92,26.18,25.81,26.11
2/3/2016 13:30,26.1,26.43,26.09,26.43
2/3/2016 14:00,26.425,26.43,25.32,25.44
2/3/2016 14:30,25.44,25.56,24.985,25.12
2/3/2016 15:00,25.12,25.39,24.99,25.38
2/3/2016 15:30,25.37,25.49,25.07,25.12
2/3/2016 16:00,25.12,25.12,25.12,25.12
2/4/2016 9:30,25.43,25.74,25.1589,25.34
2/4/2016 10:00,25.34,25.65,24.95,24.995
2/4/2016 10:30,25,25.11,24.76,24.81
2/4/2016 11:00,24.81,25.37,24.79,25.27
2/4/2016 11:30,25.2701,25.55,25.09,25.42
2/4/2016 12:00,25.42,25.52,25.02,25.3
2/4/2016 12:30,25.29,25.42,25.1,25.31
2/4/2016 13:00,25.31,25.34,25.06,25.19
2/4/2016 13:30,25.19,25.5,25.08,25.44
2/4/2016 14:00,25.46,25.65,25.38,25.58
2/4/2016 14:30,25.58,25.71,25.43,25.45
2/4/2016 15:00,25.46,25.63,25.27,25.54
2/4/2016 15:30,25.53,25.67,25.285,25.36
2/4/2016 16:00,25.36,25.36,25.36,25.36
2/5/2016 9:30,25.31,25.69,25.29,25.53
2/5/2016 10:00,25.53,25.88,25.39,25.795
2/5/2016 10:30,25.795,25.83,25.5,25.77
2/5/2016 11:00,25.77,26.1,25.71,25.95
2/5/2016 11:30,25.95,26.045,25.8,25.82
2/5/2016 12:00,25.81,25.93,25.645,25.72
2/5/2016 12:30,25.71,25.975,25.59,25.87
2/5/2016 13:00,25.87,26.06,25.84,25.97
2/5/2016 13:30,25.97,26.3,25.97,26.26
2/5/2016 14:00,26.26,26.75,26.21,26.6982
2/5/2016 14:30,26.69,26.7,26.45,26.589
2/5/2016 15:00,26.59,26.81,26.3601,26.46
2/5/2016 15:30,26.47,26.69,26.33,26.36
2/5/2016 16:00,26.36,26.36,26.36,26.36
2/8/2016 9:30,27.37,27.74,27.3275,27.69
2/8/2016 10:00,27.6999,27.8,27.5071,27.76
2/8/2016 10:30,27.75,27.82,27.51,27.75
2/8/2016 11:00,27.75,28.1,27.72,27.87
2/8/2016 11:30,27.873,28.18,27.87,27.903
2/8/2016 12:00,27.91,28.05,27.77,27.84
2/8/2016 12:30,27.83,28.08,27.74,28.02
2/8/2016 13:00,28.0115,28.285,28.01,28.19
2/8/2016 13:30,28.19,28.51,28.13,28.5
2/8/2016 14:00,28.5,28.69,28.33,28.56
2/8/2016 14:30,28.56,28.75,28.37,28.55
2/8/2016 15:00,28.56,28.59,28,28.12
2/8/2016 15:30,28.13,28.13,27.1,27.62
2/8/2016 16:00,27.62,27.62,27.62,27.62
2/9/2016 9:30,28.73,28.76,27.75,28.08
2/9/2016 10:00,28.08,28.13,27.59,28.079
2/9/2016 10:30,28.075,28.71,28.07,28.67
2/9/2016 11:00,28.68,28.71,27.93,28.03
2/9/2016 11:30,28.03,28.47,27.955,28.42
2/9/2016 12:00,28.415,28.6099,28.28,28.49
2/9/2016 12:30,28.48,28.6,28.31,28.57
2/9/2016 13:00,28.57,28.855,28.53,28.66
2/9/2016 13:30,28.65,28.73,28.35,28.458
2/9/2016 14:00,28.46,28.46,28.03,28.34
2/9/2016 14:30,28.34,28.35,27.69,27.7708
2/9/2016 15:00,27.76,27.86,27.3,27.799
2/9/2016 15:30,27.8,28.05,27.53,27.88
2/9/2016 16:00,27.88,27.88,27.88,27.88
2/10/2016 9:30,27.33,27.74,27.29,27.35
2/10/2016 10:00,27.34,27.51,27.05,27.135
2/10/2016 10:30,27.14,27.47,26.84,27.36
2/10/2016 11:00,27.36,27.59,27.26,27.54
2/10/2016 11:30,27.54,27.82,27.41,27.53
2/10/2016 12:00,27.52,27.74,27.44,27.46
2/10/2016 12:30,27.45,27.59,27.32,27.359
2/10/2016 13:00,27.35,27.58,27.32,27.5
2/10/2016 13:30,27.5,27.59,27.34,27.47
2/10/2016 14:00,27.47,27.53,27.33,27.42
2/10/2016 14:30,27.42,27.68,27.24,27.64
2/10/2016 15:00,27.63,27.89,27.27,27.87
2/10/2016 15:30,27.86,28.129,27.78,28.07
2/10/2016 16:00,28.07,28.07,28.07,28.07
2/11/2016 9:30,29.97,30,29.13,29.275
2/11/2016 10:00,29.273,29.76,29.2,29.74
2/11/2016 10:30,29.74,30.05,29.545,30.03
2/11/2016 11:00,30.021,30.41,29.92,30.33
2/11/2016 11:30,30.34,30.44,30.05,30.21
2/11/2016 12:00,30.2,30.32,30.021,30.25
2/11/2016 12:30,30.25,30.45,29.965,30.02
2/11/2016 13:00,30.02,30.13,29.86,30.09
2/11/2016 13:30,30.09,30.35,30,30.2889
2/11/2016 14:00,30.285,30.69,30.21,30.66
2/11/2016 14:30,30.6601,30.85,29.415,29.72
2/11/2016 15:00,29.73,30.03,29.56,29.5711
2/11/2016 15:30,29.57,29.81,29.13,29.78
2/11/2016 16:00,29.78,29.78,29.78,29.78
2/12/2016 9:30,28.92,29.49,28.75,29.48
2/12/2016 10:00,29.485,29.6,29.125,29.18
2/12/2016 10:30,29.18,29.24,28.98,29.1
2/12/2016 11:00,29.1,29.1,28.55,28.56
2/12/2016 11:30,28.56,28.83,28.53,28.81
2/12/2016 12:00,28.815,28.9,28.7,28.74
2/12/2016 12:30,28.74,28.87,28.64,28.78
2/12/2016 13:00,28.78,29.04,28.71,28.945
2/12/2016 13:30,28.94,29.0801,28.7911,28.89
2/12/2016 14:00,28.8911,28.92,28.52,28.53
2/12/2016 14:30,28.53,28.65,28.49,28.64
2/12/2016 15:00,28.635,28.71,28.47,28.48
2/12/2016 15:30,28.49,28.74,28.4708,28.56
2/12/2016 16:00,28.56,28.56,28.56,28.56
2/16/2016 9:30,27.58,27.98,27.55,27.89
2/16/2016 10:00,27.8819,28.06,27.8,27.84
2/16/2016 10:30,27.83,27.9285,27.65,27.72
2/16/2016 11:00,27.72,27.88,27.61,27.64
2/16/2016 11:30,27.63,27.64,27.32,27.33
2/16/2016 12:00,27.32,27.45,27.23,27.38
2/16/2016 12:30,27.37,27.515,27.28,27.3
2/16/2016 13:00,27.3,27.32,27.18,27.25
2/16/2016 13:30,27.24,27.3,27.16,27.19
2/16/2016 14:00,27.19,27.28,27.13,27.2
2/16/2016 14:30,27.2,27.32,27.16,27.25
2/16/2016 15:00,27.24,27.4,27.16,27.16
2/16/2016 15:30,27.165,27.37,27.14,27.29
