Date,OPEN,HIGH,LOW,CLOSE
1/30/2009 0:00:00,6407.04,6722.56,6384,6693.12
2/2/2009 0:00:00,6918.4,6918.4,6652.16,6672
2/3/2009 0:00:00,6664.96,6664.96,6355.84,6359.68
2/4/2009 0:00:00,6288,6424.96,6208,6383.36
2/5/2009 0:00:00,6502.4,6642.56,6281.6,6344.32
2/6/2009 0:00:00,6336,6337.28,6083.84,6252.8
2/9/2009 0:00:00,6293.12,6420.48,6263.68,6357.12
2/10/2009 0:00:00,6464,6762.24,6321.92,6694.4
2/11/2009 0:00:00,6659.2,6709.12,6534.4,6596.48
2/12/2009 0:00:00,6736,6912,6576.64,6576.64
2/13/2009 0:00:00,6607.36,6607.36,6464,6527.36
2/17/2009 0:00:00,6848,7089.92,6784,6853.76
2/18/2009 0:00:00,6720,7019.52,6720,6926.08
2/19/2009 0:00:00,6913.92,6979.2,6751.36,6929.92
2/20/2009 0:00:00,7160.96,7449.6,7132.16,7252.48
2/23/2009 0:00:00,7104,7649.28,7104,7640.32
2/24/2009 0:00:00,7680,7680,6892.8,6917.12
2/25/2009 0:00:00,6993.28,7234.56,6728.96,6876.8
2/26/2009 0:00:00,6782.72,7002.24,6589.44,6945.28
2/27/2009 0:00:00,7277.44,7277.44,6781.44,6954.88
3/2/2009 0:00:00,7105.28,7553.28,7105.28,7448.96
3/3/2009 0:00:00,7235.2,7587.2,7235.2,7417.6
3/4/2009 0:00:00,7359.36,7359.36,6706.56,6899.84
3/5/2009 0:00:00,7078.4,7359.36,6944.64,7315.2
3/6/2009 0:00:00,7358.72,7399.04,7084.8,7256.32
3/9/2009 0:00:00,7267.2,7328,7056.64,7284.48
3/10/2009 0:00:00,7232,7232,6698.24,6741.76
3/11/2009 0:00:00,6656,6796.8,6538.24,6691.84
3/12/2009 0:00:00,6678.4,6764.8,6523.52,6575.36
3/13/2009 0:00:00,6540.8,6751.36,6526.08,6672
3/16/2009 0:00:00,6656,6913.28,6631.04,6906.88
3/17/2009 0:00:00,6974.72,6995.2,6654.08,6667.52
3/18/2009 0:00:00,6726.4,6791.04,6534.4,6684.16
3/19/2009 0:00:00,6713.6,6997.76,6528,6997.76
3/20/2009 0:00:00,6945.28,7479.04,6944,7421.448
3/23/2009 0:00:00,7232,7344,6931.84,6951.68
3/24/2009 0:00:00,7008.64,7099.832,6817.92,7065.6
3/25/2009 0:00:00,6915.2,7144.96,6729.6,6952.96
3/26/2009 0:00:00,6828.16,6828.8,6603.52,6679.04
3/27/2009 0:00:00,6686.08,6874.24,6686.08,6867.84
3/30/2009 0:00:00,7168,7452.8,7114.24,7378.56
3/31/2009 0:00:00,7321.6,7358.712,7123.2,7245.44
4/1/2009 0:00:00,7489.92,7615.36,7078.4,7114.88
4/2/2009 0:00:00,6912,7101.44,6815.36,6998.4
4/3/2009 0:00:00,7299.2,7299.2,6837.76,6874.88
4/6/2009 0:00:00,6936.96,7029.76,6902.4,6913.28
4/7/2009 0:00:00,6968.96,7040,6849.92,6912.64
4/8/2009 0:00:00,6768.64,6930.56,6758.4,6769.92
4/9/2009 0:00:00,6592,6608,6447.36,6519.04
4/13/2009 0:00:00,6561.28,6624.896,6397.44,6423.68
4/14/2009 0:00:00,6513.92,6536.32,6396.16,6428.16
4/15/2009 0:00:00,6465.28,6465.28,6263.04,6272
4/16/2009 0:00:00,6208,6241.92,5998.72,6074.24
4/17/2009 0:00:00,6079.36,6182.4,5923.84,5934.72
4/20/2009 0:00:00,6053.76,6407.68,6005.76,6373.76
4/21/2009 0:00:00,6426.24,6468.48,6119.04,6148.48
4/22/2009 0:00:00,6220.8,6220.8,5907.84,6161.28
4/23/2009 0:00:00,6138.24,6246.4,6071.04,6133.12
4/24/2009 0:00:00,6106.24,6180.48,6034.56,6119.04
4/27/2009 0:00:00,6143.36,6321.272,6130.56,6292.48
4/28/2009 0:00:00,6356.48,6389.76,6141.44,6215.04
4/29/2009 0:00:00,6195.84,6195.84,5843.264,5953.28
4/30/2009 0:00:00,5941.12,6032.712,5773.44,6000.64
5/1/2009 0:00:00,5987.84,6075.52,5875.2,5923.84
5/4/2009 0:00:00,5820.8,5885.44,5591.04,5608.32
5/5/2009 0:00:00,5623.04,5733.76,5623.04,5656.32
5/6/2009 0:00:00,5614.72,5614.72,5437.44,5461.76
5/7/2009 0:00:00,5408,5603.84,5342.08,5540.48
5/8/2009 0:00:00,5521.92,5521.92,5215.36,5289.6
5/11/2009 0:00:00,5353.6,5484.16,5282.56,5336.96
5/12/2009 0:00:00,5297.92,5452.8,5270.4,5309.44
5/13/2009 0:00:00,5506.56,5518.72,5361.92,5473.92
5/14/2009 0:00:00,5587.2,5587.2,5216.64,5242.88
5/15/2009 0:00:00,5216,5400.96,5136.64,5339.52
5/18/2009 0:00:00,5343.36,5343.36,4959.36,4984.32
5/19/2009 0:00:00,4922.88,5024.64,4814.08,4887.68
5/20/2009 0:00:00,4851.2,4961.28,4605.44,4952.32
5/21/2009 0:00:00,5023.36,5341.44,4970.24,5228.8
5/22/2009 0:00:00,5212.8,5363.84,5121.28,5363.84
5/26/2009 0:00:00,5363.84,5363.84,4897.28,5031.04
5/27/2009 0:00:00,5008,5196.16,4873.6,5173.76
5/28/2009 0:00:00,5142.4,5240.96,5002.88,5099.52
5/29/2009 0:00:00,4981.12,5120.64,4974.72,4987.52
6/1/2009 0:00:00,4920.32,4923.52,4686.72,4761.6
6/2/2009 0:00:00,4797.44,4876.16,4654.08,4826.24
6/3/2009 0:00:00,4875.52,5138.56,4854.4,5059.2
6/4/2009 0:00:00,5038.08,5068.16,4914.56,4961.92
6/5/2009 0:00:00,4964.48,5062.4,4846.08,4950.4
6/8/2009 0:00:00,4994.56,5120.64,4896.64,4975.36
6/9/2009 0:00:00,4953.6,4953.6,4728.96,4752.64
6/10/2009 0:00:00,4686.08,4960.64,4673.28,4800
6/11/2009 0:00:00,4775.68,4775.68,4574.72,4691.84
6/12/2009 0:00:00,4730.24,4741.76,4593.28,4601.6
6/15/2009 0:00:00,4665.6,4816,4651.84,4805.76
6/16/2009 0:00:00,4833.28,5038.08,4746.88,4979.2
6/17/2009 0:00:00,4994.56,5137.28,4965.128,5052.8
6/18/2009 0:00:00,5042.56,5100.152,4924.16,5004.16
6/19/2009 0:00:00,5009.28,5009.28,4832,4865.28
6/22/2009 0:00:00,4990.08,5116.16,4910.72,5059.84
6/23/2009 0:00:00,5047.68,5112.952,4938.88,4940.8
6/24/2009 0:00:00,4940.16,4940.16,4722.048,4762.888
6/25/2009 0:00:00,4824.32,4824.32,4511.36,4538.24
6/26/2009 0:00:00,4585.6,4602.88,4433.28,4467.2
6/29/2009 0:00:00,4476.16,4498.56,4273.928,4285.44
6/30/2009 0:00:00,4287.36,4417.92,4215.68,4359.04
7/1/2009 0:00:00,4310.4,4346.88,4229.12,4341.76
7/2/2009 0:00:00,4407.68,4587.52,4402.56,4581.12
7/6/2009 0:00:00,4638.08,4677.12,4517.12,4522.88
7/7/2009 0:00:00,4583.04,4700.8,4531.84,4661.76
7/8/2009 0:00:00,4703.36,4947.2,4638.72,4761.6
7/9/2009 0:00:00,4704,4747.52,4601.6,4683.52
7/10/2009 0:00:00,4709.76,4782.72,4663.04,4681.6
7/13/2009 0:00:00,4702.72,4718.08,4473.6,4524.8
7/14/2009 0:00:00,4495.36,4530.56,4395.52,4424.96
7/15/2009 0:00:00,4335.36,4366.72,4223.36,4315.52
7/16/2009 0:00:00,4343.68,4344.96,4218.88,4243.84
7/17/2009 0:00:00,4256,4268.16,4208,4245.12
7/20/2009 0:00:00,4223.36,4261.12,4145.92,4162.56
7/21/2009 0:00:00,4127.36,4183.68,4088.96,4102.4
7/22/2009 0:00:00,4146.56,4161.92,3890.56,3928.32
7/23/2009 0:00:00,3944.96,3951.36,3797.12,3815.68
7/24/2009 0:00:00,3841.28,3864.96,3797.12,3799.68
7/27/2009 0:00:00,3854.72,3883.52,3799.04,3840
7/28/2009 0:00:00,3903.36,4030.072,3841.28,4003.2
7/29/2009 0:00:00,4020.48,4091.52,3971.2,4046.08
7/30/2009 0:00:00,3980.16,3990.4,3889.92,3942.4
7/31/2009 0:00:00,3960.32,3974.4,3888.64,3966.08
8/3/2009 0:00:00,3925.76,3953.92,3870.08,3895.68
8/4/2009 0:00:00,3925.12,3941.76,3841.28,3852.8
8/5/2009 0:00:00,3873.28,3912.32,3827.84,3836.8
8/6/2009 0:00:00,3839.36,3916.16,3781.12,3887.36
8/7/2009 0:00:00,3842.56,3888,3680.64,3729.28
8/10/2009 0:00:00,3763.2,3817.6,3729.28,3734.4
8/11/2009 0:00:00,3774.72,3937.28,3768.32,3840
8/12/2009 0:00:00,3848.96,3860.48,3715.2,3751.04
8/13/2009 0:00:00,3752.96,3806.72,3656.96,3664.64
8/14/2009 0:00:00,3678.72,3810.552,3678.72,3767.68
8/17/2009 0:00:00,3869.44,3989.12,3864.32,3972.48
8/18/2009 0:00:00,3960.32,3976.96,3868.168,3894.4
8/19/2009 0:00:00,3948.16,3966.72,3732.48,3768.96
8/20/2009 0:00:00,3756.16,3768.32,3678.08,3698.56
8/21/2009 0:00:00,3664,3669.12,3612.8,3631.36
8/24/2009 0:00:00,3619.84,3663.36,3588.48,3645.44
8/25/2009 0:00:00,3638.4,3751.68,3606.4,3728.64
8/26/2009 0:00:00,3712,3780.48,3693.696,3772.8
8/27/2009 0:00:00,3773.44,3824,3673.6,3680.64
8/28/2009 0:00:00,3632,3746.56,3626.376,3744.64
8/31/2009 0:00:00,3781.76,3838.08,3776,3786.88
9/1/2009 0:00:00,3825.28,3998.08,3739.672,3991.04
9/2/2009 0:00:00,4002.56,4015.36,3952,4012.16
9/3/2009 0:00:00,4001.28,4007.04,3810.56,3821.44
9/4/2009 0:00:00,3842.56,3846.4,3712,3712.648
9/8/2009 0:00:00,3680.64,3682.56,3584,3588.48
9/9/2009 0:00:00,3583.36,3596.8,3468.8,3472.64
9/10/2009 0:00:00,3466.88,3489.28,3328.64,3335.04
9/11/2009 0:00:00,3322.88,3397.12,3274.24,3378.56
9/14/2009 0:00:00,3392,3431.68,3276.16,3282.56
9/15/2009 0:00:00,3286.4,3324.8,3249.92,3264
9/16/2009 0:00:00,3264,3275.52,3143.04,3169.28
9/17/2009 0:00:00,3160.32,3216.64,3129.6,3184.64
9/18/2009 0:00:00,3180.8,3262.08,3153.28,3244.8
9/21/2009 0:00:00,3290.88,3312,3233.92,3245.44
9/22/2009 0:00:00,3205.76,3222.4,3136,3171.2
9/23/2009 0:00:00,3168.64,3216,3046.4,3215.36
9/24/2009 0:00:00,3199.36,3326.08,3175.68,3255.04
9/25/2009 0:00:00,3283.2,3322.24,3226.88,3260.16
9/28/2009 0:00:00,3260.8,3260.8,3145.6,3151.36
9/29/2009 0:00:00,3157.76,3175.68,3112.32,3132.8
9/30/2009 0:00:00,3136,3235.2,3116.8,3199.36
10/1/2009 0:00:00,3223.04,3351.04,3212.808,3350.4
10/2/2009 0:00:00,3403.52,3425.92,3283.2,3342.72
10/5/2009 0:00:00,3346.56,3351.68,3195.52,3222.4
10/6/2009 0:00:00,3191.04,3200,3066.24,3109.12
10/7/2009 0:00:00,3136.64,3139.2,3087.36,3093.768
10/8/2009 0:00:00,3066.88,3094.4,3046.4,3077.128
10/9/2009 0:00:00,3091.84,3093.76,3021.44,3028.48
10/12/2009 0:00:00,3007.36,3013.76,2908.8,2924.972
10/13/2009 0:00:00,2942.08,3026.56,2913.28,2926.08
10/14/2009 0:00:00,2878.72,2892.8,2825.6,2848.64
10/15/2009 0:00:00,2886.4,2892.8,2795.52,2796.8
10/16/2009 0:00:00,2828.8,2888.96,2812.8,2855.04
10/19/2009 0:00:00,2843.52,2847.36,2759.68,2778.24
10/20/2009 0:00:00,2775.04,2811.52,2741.12,2764.8
10/21/2009 0:00:00,2789.76,2821.12,2688,2816.64
10/22/2009 0:00:00,2805.76,2844.8,2686.72,2693.12
10/23/2009 0:00:00,2665.6,2735.36,2634.24,2708.48
10/26/2009 0:00:00,2686.08,2819.2,2636.8,2796.8
10/27/2009 0:00:00,2793.6,2824.32,2743.04,2763.52
10/28/2009 0:00:00,2782.72,2956.8,2774.4,2954.88
10/29/2009 0:00:00,2881.28,2903.616,2796.16,2804.48
10/30/2009 0:00:00,2840.96,3136,2805.12,3086.08
11/2/2009 0:00:00,3043.2,3194.24,2962.56,3117.44
11/3/2009 0:00:00,3166.72,3185.912,3072,3120.64
11/4/2009 0:00:00,3043.2,3119.36,2992,3095.04
11/5/2009 0:00:00,3034.24,3065.6,2928.64,2936.96
11/6/2009 0:00:00,2999.68,3002.24,2851.2,2856.32
11/9/2009 0:00:00,2802.56,2802.56,2678.4,2685.44
11/10/2009 0:00:00,2704.64,2720.64,2640.008,2718.08
11/11/2009 0:00:00,2671.992,2750.08,2631.68,2716.16
11/12/2009 0:00:00,2743.68,2833.92,2706.56,2799.36
11/13/2009 0:00:00,2816,2873.6,2757.12,2784
11/16/2009 0:00:00,2750.08,2763.52,2699.52,2739.456
11/17/2009 0:00:00,2777.6,2784,2676.6,2700.8
11/18/2009 0:00:00,2712.32,2725.76,2640,2645.12
11/19/2009 0:00:00,2682.88,2767.992,2668.8,2711.04
11/20/2009 0:00:00,2742.4,2749.44,2614.28,2639.36
11/23/2009 0:00:00,2574.4,2588.16,2473.6,2483.2
11/24/2009 0:00:00,2485.76,2542.08,2455.68,2458.24
11/25/2009 0:00:00,2437.76,2473.6,2401.28,2415.36
11/27/2009 0:00:00,2691.84,2697.6,2496,2567.68
11/30/2009 0:00:00,2551.68,2615.68,2538.24,2577.92
12/1/2009 0:00:00,2534.4,2542.08,2464,2482.56
12/2/2009 0:00:00,2479.36,2501.76,2432.64,2469.76
12/3/2009 0:00:00,2456.96,2525.92,2425.6,2520.96
12/4/2009 0:00:00,2426.24,2508.8,2407.04,2460.16
12/7/2009 0:00:00,2477.44,2489.6,2426.88,2439.68
12/8/2009 0:00:00,2489.6,2534.4,2470.4,2507.52
12/9/2009 0:00:00,2520.96,2531.84,2481.928,2492.8
12/10/2009 0:00:00,2464,2475.52,2439.68,2450.56
12/11/2009 0:00:00,2444.8,2464,2419.84,2438.08
12/14/2009 0:00:00,2419.2,2443.512,2387.2,2393.6
12/15/2009 0:00:00,2422.4,2422.4,2348.8,2356.48
12/16/2009 0:00:00,2346.24,2360.32,2253.44,2264.32
12/17/2009 0:00:00,2304,2316.16,2277.12,2294.4
12/18/2009 0:00:00,2273.92,2296.96,2248.32,2255.36
12/21/2009 0:00:00,2246.4,2252.8,2183.04,2184.32
12/22/2009 0:00:00,2164.48,2172.8,2124.8,2135.04
12/23/2009 0:00:00,2117.12,2129.28,2086.4,2104.32
12/24/2009 0:00:00,2103.68,2104.32,2058.24,2086.4
12/28/2009 0:00:00,2086.4,2108.8,2058.88,2087.04
12/29/2009 0:00:00,2086.4,2086.4,2050.56,2086.4
12/30/2009 0:00:00,2099.84,2135.68,2080,2123.52
12/31/2009 0:00:00,2119.68,2181.76,2097.92,2180.48
1/4/2010 0:00:00,2126.08,2127.36,2088.96,2093.44
1/5/2010 0:00:00,2096.64,2099.2,2049.92,2053.76
1/6/2010 0:00:00,2048,2054.4,1984.64,1996.8
1/7/2010 0:00:00,1996.8,2004.472,1940.48,1940.48
1/8/2010 0:00:00,1958.4,1961.664,1888,1889.28
1/11/2010 0:00:00,1875.2,1891.2,1850.24,1854.72
1/12/2010 0:00:00,1898.88,1959.68,1877.76,1912.96
1/13/2010 0:00:00,1907.2,1944.32,1860.488,1886.08
1/14/2010 0:00:00,1893.12,1904,1830.4,1840
1/15/2010 0:00:00,1856.64,1922.56,1841.928,1888.64
1/19/2010 0:00:00,1897.6,1898.88,1772.8,1780.48
1/20/2010 0:00:00,1820.16,1872.64,1777.28,1779.84
1/21/2010 0:00:00,1779.2,1886.72,1746.56,1876.48
1/22/2010 0:00:00,1904,2064,1874.56,2040.96
1/25/2010 0:00:00,1978.24,2050.56,1961.6,2021.76
1/26/2010 0:00:00,2046.08,2049.28,1954.56,2030.08
1/27/2010 0:00:00,2033.92,2095.36,1984,1984
1/28/2010 0:00:00,1958.4,2046.72,1952,1985.28
1/29/2010 0:00:00,1953.28,2059.5,1927.68,2024.96
2/1/2010 0:00:00,1986.56,1987.84,1923.84,1930.24
2/2/2010 0:00:00,1913.6,1920,1843.84,1857.28
2/3/2010 0:00:00,1880.96,1881.6,1830.4,1864.32
2/4/2010 0:00:00,1904,2074.24,1904,2071.04
2/5/2010 0:00:00,2042.88,2204.152,2011.52,2089.6
2/8/2010 0:00:00,2090.24,2140.16,2055.04,2131.84
2/9/2010 0:00:00,2082.56,2130.432,2026.248,2067.2
2/10/2010 0:00:00,2075.52,2142.072,2040.32,2053.76
2/11/2010 0:00:00,2073.6,2117.12,1992.96,2009.6
2/12/2010 0:00:00,2096,2112,2004.48,2011.52
2/16/2010 0:00:00,1968,1971.84,1896.32,1908.48
2/17/2010 0:00:00,1892.48,1898.24,1852.16,1852.16
2/18/2010 0:00:00,1868.8,1868.8,1767.68,1781.76
2/19/2010 0:00:00,1807.36,1807.36,1728,1731.2
2/22/2010 0:00:00,1713.28,1758.08,1690.88,1716.48
2/23/2010 0:00:00,1727.36,1796.48,1706.88,1745.92
2/24/2010 0:00:00,1740.16,1751.68,1702.4,1715.2
2/25/2010 0:00:00,1768.32,1806.08,1711.36,1711.36
2/26/2010 0:00:00,1705.6,1724.16,1670.4,1682.56
3/1/2010 0:00:00,1664,1665.28,1632,1640.96
3/2/2010 0:00:00,1626.88,1639.68,1607.04,1622.4
3/3/2010 0:00:00,1615.36,1627.52,1595.52,1616
3/4/2010 0:00:00,1617.28,1626.88,1595.36,1600.64
3/5/2010 0:00:00,1588.48,1600,1521.28,1536.64
3/8/2010 0:00:00,1534.08,1534.08,1486.08,1507.2
3/9/2010 0:00:00,1528.32,1548.16,1491.84,1522.56
3/10/2010 0:00:00,1518.08,1529.6,1483.52,1528.96
3/11/2010 0:00:00,1541.12,1565.44,1532.8,1541.12
3/12/2010 0:00:00,1520,1555.2,1509.76,1526.4
3/15/2010 0:00:00,1536.64,1555.84,1521.28,1529.6
3/16/2010 0:00:00,1525.12,1525.12,1473.28,1482.88
3/17/2010 0:00:00,1472,1476.48,1413.76,1432.96
3/18/2010 0:00:00,1432.32,1433.6,1406.08,1413.12
3/19/2010 0:00:00,1408.64,1453.44,1393.92,1429.888
3/22/2010 0:00:00,1463.68,1470.72,1399.04,1403.52
3/23/2010 0:00:00,1399.68,1416.32,1375.36,1376.64
3/24/2010 0:00:00,1399.68,1429.128,1389.44,1411.84
3/25/2010 0:00:00,1392,1428.48,1361.28,1427.84
3/26/2010 0:00:00,1422.08,1438.72,1395.2,1407.36
3/29/2010 0:00:00,1392.64,1402.56,1375.296,1381.12
3/30/2010 0:00:00,1392,1397.12,1361.28,1362.56
3/31/2010 0:00:00,1379.2,1382.4,1344.64,1344.64
4/1/2010 0:00:00,1327.36,1360,1296.64,1345.28
4/5/2010 0:00:00,1327.36,1338.888,1292.16,1294.08
4/6/2010 0:00:00,1304.32,1312,1248,1252.48
4/7/2010 0:00:00,1260.8,1294.72,1246.08,1280
4/8/2010 0:00:00,1288.32,1321.6,1256.96,1262.08
4/9/2010 0:00:00,1255.68,1265.92,1244.8,1251.2
4/12/2010 0:00:00,1248.64,1255.04,1233.28,1248
4/13/2010 0:00:00,1253.12,1280,1243.52,1260.8
4/14/2010 0:00:00,1242.88,1246.72,1219.84,1225.6
4/15/2010 0:00:00,1227.52,1233.92,1199.36,1219.84
4/16/2010 0:00:00,1233.28,1329.92,1224,1278.08
4/19/2010 0:00:00,1296,1309.44,1235.84,1240.96
4/20/2010 0:00:00,1224.32,1232.64,1166.08,1169.28
4/21/2010 0:00:00,1178.24,1212.8,1141.76,1189.76
4/22/2010 0:00:00,1215.36,1241.6,1176.328,1180.16
4/23/2010 0:00:00,1180.8,1196.16,1161.6,1175.68
4/26/2010 0:00:00,1178.24,1199.36,1164.8,1194.24
4/27/2010 0:00:00,1214.72,1318.4,1195.52,1311.872
4/28/2010 0:00:00,1285.76,1340.8,1270.4,1304.96
4/29/2010 0:00:00,1280,1285.76,1234.56,1253.12
4/30/2010 0:00:00,1258.24,1358.08,1246.72,1357.44
5/3/2010 0:00:00,1328.64,1329.92,1290.88,1301.12
5/4/2010 0:00:00,1349.12,1453.44,1345.28,1431.68
5/5/2010 0:00:00,1502.72,1559.04,1435.52,1493.632
5/6/2010 0:00:00,1536.64,2018.56,1493.12,1671.936
5/7/2010 0:00:00,1715.84,2001.28,1696,1872
5/10/2010 0:00:00,1573.12,1657.6,1505.28,1605.12
5/11/2010 0:00:00,1690.24,1702.4,1573.12,1640.32
5/12/2010 0:00:00,1607.04,1612.8,1531.52,1540.864
5/13/2010 0:00:00,1559.04,1593.6,1513.6,1582.4
5/14/2010 0:00:00,1641.6,1792,1624.32,1719.04
5/17/2010 0:00:00,1699.84,1856,1692.8,1758.72
5/18/2010 0:00:00,1679.36,1875.2,1632,1864.32
5/19/2010 0:00:00,1907.84,2000,1836.8,1910.4
5/20/2010 0:00:00,2055.04,2240,2048,2180.48
5/21/2010 0:00:00,2287.36,2318.08,2059.52,2131.84
5/24/2010 0:00:00,2137.6,2164.48,2048,2119.68
5/25/2010 0:00:00,2302.72,2310.4,2025.6,2026.24
5/26/2010 0:00:00,1939.2,2004.48,1856,1985.92
5/27/2010 0:00:00,1856,1877.12,1807.36,1813.12
5/28/2010 0:00:00,1797.12,1874.56,1795.2,1829.12
6/1/2010 0:00:00,1916.16,1932.8,1838.08,1932.16
6/2/2010 0:00:00,1923.2,1948.16,1843.2,1847.68
6/3/2010 0:00:00,1824,1859.2,1796.544,1817.6
6/4/2010 0:00:00,1944.32,2016,1883.52,2002.56
6/7/2010 0:00:00,1959.04,2077.44,1948.8,2065.28
6/8/2010 0:00:00,2041.6,2102.4,1990.4,1992.896
6/9/2010 0:00:00,1960.32,2022.4,1891.2,1995.52
6/10/2010 0:00:00,1925.76,1943.04,1882.88,1892.48
6/11/2010 0:00:00,1927.04,1930.88,1840,1846.56
6/14/2010 0:00:00,1793.28,1820.8,1752.96,1819.52
6/15/2010 0:00:00,1790.08,1792,1706.24,1708.8
6/16/2010 0:00:00,1728,1729.28,1667.84,1681.024
6/17/2010 0:00:00,1659.52,1711.36,1632,1633.28
6/18/2010 0:00:00,1635.2,1648,1576.96,1604.48
6/21/2010 0:00:00,1548.16,1643.52,1537.92,1630.72
6/22/2010 0:00:00,1626.24,1708.8,1617.28,1695.36
6/23/2010 0:00:00,1694.72,1775.872,1676.8,1709.44
6/24/2010 0:00:00,1738.88,1839.36,1720.96,1814.4
6/25/2010 0:00:00,1798.4,1840,1769.024,1774.08
6/28/2010 0:00:00,1762.56,1820.8,1756.16,1803.52
6/29/2010 0:00:00,1905.28,2005.76,1894.4,1970.56
6/30/2010 0:00:00,1971.84,2015.36,1896.32,1996.8
7/1/2010 0:00:00,1979.52,2108.16,1962.24,1977.6
7/2/2010 0:00:00,1944.96,1974.4,1900.8,1919.36
7/6/2010 0:00:00,1820.8,1888,1768.32,1836.8
7/7/2010 0:00:00,1813.12,1816.96,1713.28,1721.6
7/8/2010 0:00:00,1677.44,1713.28,1657.6,1679.36
7/9/2010 0:00:00,1685.12,1694.72,1633.28,1635.2
7/12/2010 0:00:00,1642.88,1662.08,1601.92,1615.36
7/13/2010 0:00:00,1585.92,1600,1559.68,1600
7/14/2010 0:00:00,1618.56,1683.2,1616,1659.52
7/15/2010 0:00:00,1662.72,1744,1637.12,1644.8
7/16/2010 0:00:00,1693.44,1782.4,1669.76,1751.68
7/19/2010 0:00:00,1730.56,1747.84,1686.4,1697.92
7/20/2010 0:00:00,1756.16,1760.64,1603.2,1610.88
7/21/2010 0:00:00,1592.96,1663.36,1574.4,1625.6
7/22/2010 0:00:00,1591.68,1592.32,1514.88,1540.48
7/23/2010 0:00:00,1548.8,1570.56,1504,1513.6
7/26/2010 0:00:00,1513.6,1520.64,1450.88,1460.48
7/27/2010 0:00:00,1425.92,1475.84,1418.88,1448.96
7/28/2010 0:00:00,1488,1496.96,1447.04,1463.68
7/29/2010 0:00:00,1442.56,1502.72,1414.4,1461.12
7/30/2010 0:00:00,1507.2,1516.16,1434.88,1444.48
8/2/2010 0:00:00,1407.36,1414.4,1358.08,1358.72
8/3/2010 0:00:00,1373.44,1402.24,1363.2,1377.92
8/4/2010 0:00:00,1368.96,1384.32,1353.6,1378.56
8/5/2010 0:00:00,1393.28,1398.4,1367.04,1382.4
8/6/2010 0:00:00,1415.68,1440,1369.6,1369.6
8/9/2010 0:00:00,1360.64,1376,1344.64,1349.12
8/10/2010 0:00:00,1390.08,1402.24,1344.64,1363.2
8/11/2010 0:00:00,1420.8,1462.4,1418.88,1461.696
8/12/2010 0:00:00,1512.32,1523.2,1464.32,1481.6
8/13/2010 0:00:00,1495.68,1528.96,1480.32,1521.92
8/16/2010 0:00:00,1538.56,1542.4,1489.92,1511.04
8/17/2010 0:00:00,1461.76,1472.64,1435.52,1450.88
8/18/2010 0:00:00,1445.76,1457.28,1411.2,1422.08
8/19/2010 0:00:00,1436.8,1505.28,1420.8,1484.8
8/20/2010 0:00:00,1495.68,1509.76,1457.28,1461.76
8/23/2010 0:00:00,1443.2,1448.32,1417.6,1443.84
8/24/2010 0:00:00,1493.12,1534.72,1463.712,1488
8/25/2010 0:00:00,1516.8,1527.68,1441.92,1451.04
8/26/2010 0:00:00,1432.96,1487.36,1418.88,1465.6
8/27/2010 0:00:00,1440,1486.72,1376,1376
8/30/2010 0:00:00,1381.12,1423.36,1360.64,1419.52
8/31/2010 0:00:00,1424,1442.56,1388.16,1405.44
9/1/2010 0:00:00,1357.44,1368.32,1315.2,1320.32
9/2/2010 0:00:00,1312.64,1320.32,1280.64,1283.2
9/3/2010 0:00:00,1244.16,1253.76,1219.2,1221.12
9/7/2010 0:00:00,1248.64,1265.92,1230.08,1254.4
9/8/2010 0:00:00,1246.72,1251.84,1222.4,1232
9/9/2010 0:00:00,1200.64,1212.16,1185.92,1212.16
9/10/2010 0:00:00,1202.56,1208.96,1184,1186.56
9/13/2010 0:00:00,1160.32,1161.6,1121.28,1125.12
9/14/2010 0:00:00,1133.44,1141.76,1112.32,1124.48
9/15/2010 0:00:00,1138.56,1145.6,1102.72,1107.84
9/16/2010 0:00:00,1113.6,1131.52,1104.64,1112.32
9/17/2010 0:00:00,1100.8,1121.28,1095.04,1098.24
9/20/2010 0:00:00,1089.92,1098.88,1068.232,1070.72
9/21/2010 0:00:00,1070.08,1083.52,1052.8,1074.56
9/22/2010 0:00:00,1083.52,1102.08,1061.12,1091.84
9/23/2010 0:00:00,1120.64,1134.08,1094.4,1127.68
9/24/2010 0:00:00,1096.96,1096.96,1063.04,1064.32
9/27/2010 0:00:00,1063.04,1072.64,1052.16,1072
9/28/2010 0:00:00,1064.32,1100.16,1058.56,1062.4
9/29/2010 0:00:00,1077.12,1090.56,1064.96,1083.52
9/30/2010 0:00:00,1073.28,1120,1062.4,1106.56
10/1/2010 0:00:00,1086.72,1114.24,1086.72,1090.56
10/4/2010 0:00:00,1099.52,1119.36,1087.36,1111.68
10/5/2010 0:00:00,1086.72,1092.48,1044.48,1051.84
10/6/2010 0:00:00,1045.76,1060.48,1036.8,1039.36
10/7/2010 0:00:00,1031.68,1058.56,1024,1032.96
10/8/2010 0:00:00,1037.44,1038.08,984.32,985.6
10/11/2010 0:00:00,980.48,981.76,963.84,967.04
10/12/2010 0:00:00,978.56,992,924.16,928
10/13/2010 0:00:00,913.28,923.52,896,908.8
10/14/2010 0:00:00,917.12,961.28,913.28,940.8
10/15/2010 0:00:00,924.16,970.24,921.6,922.56
10/18/2010 0:00:00,932.48,942.72,885.76,897.92
10/19/2010 0:00:00,927.36,943.36,903.04,926.72
10/20/2010 0:00:00,922.88,928.64,874.88,880
10/21/2010 0:00:00,867.84,888.32,848.64,859.52
10/22/2010 0:00:00,850.56,853.76,820.48,821.12
10/25/2010 0:00:00,801.28,818.56,790.4,809.6
10/26/2010 0:00:00,824.96,833.28,814.08,826.88
10/27/2010 0:00:00,843.52,874.88,834.56,839.04
10/28/2010 0:00:00,825.6,853.76,819.84,835.36
10/29/2010 0:00:00,837.76,851.2,834.56,838.4
11/1/2010 0:00:00,838.4,858.24,819.2,846.08
11/2/2010 0:00:00,831.36,833.28,819.84,823.04
11/3/2010 0:00:00,823.68,836.48,766.72,772.48
11/4/2010 0:00:00,743.04,744.32,718.72,720.64
11/5/2010 0:00:00,707.2,721.92,704.64,712.96
11/8/2010 0:00:00,726.4,743.04,719.36,722.72
11/9/2010 0:00:00,709.6,740.64,704,726.24
11/10/2010 0:00:00,723.68,750.08,712.32,713.6
11/11/2010 0:00:00,733.6,744.32,722.24,726.88
11/12/2010 0:00:00,740.96,774.4,725.92,761.6
11/15/2010 0:00:00,754.56,758.24,729.6,755.84
11/16/2010 0:00:00,766.24,810.08,766.08,789.44
11/17/2010 0:00:00,785.28,786.56,754.08,769.28
11/18/2010 0:00:00,744.16,744.16,718.88,725.28
11/19/2010 0:00:00,730.24,748,710.56,711.2
11/22/2010 0:00:00,718.08,728,686.56,686.72
11/23/2010 0:00:00,716.16,733.28,709.76,717.92
11/24/2010 0:00:00,699.68,702.24,688.176,690.56
11/26/2010 0:00:00,705.44,732.16,695.04,732.16
11/29/2010 0:00:00,736.16,768,728.32,737.6
11/30/2010 0:00:00,762.88,788.64,753.92,788.64
12/1/2010 0:00:00,751.84,753.44,735.68,751.2
12/2/2010 0:00:00,740,741.44,692.16,692.96
12/3/2010 0:00:00,702.24,702.56,657.76,660.8
12/6/2010 0:00:00,662.24,666.4,644.16,648.8
12/7/2010 0:00:00,626.24,643.04,620,642.4
12/8/2010 0:00:00,639.84,651.68,621.04,624.8
12/9/2010 0:00:00,610.4,627.36,608.64,616.64
12/10/2010 0:00:00,607.36,616,603.68,610.08
12/13/2010 0:00:00,602.08,622.56,601.44,619.04
12/14/2010 0:00:00,615.52,628.8,613.44,622.4
12/15/2010 0:00:00,627.198,639.52,613.28,636.64
12/16/2010 0:00:00,633.6,641.6,623.52,624.16
12/17/2010 0:00:00,623.52,628.32,609.6,613.12
12/20/2010 0:00:00,604.16,614.4,595.84,599.52
12/21/2010 0:00:00,590.08,592.8,585.12,589.12
12/22/2010 0:00:00,583.68,588.8,580.96,585.92
12/23/2010 0:00:00,585.44,613.76,585.44,604.8
12/27/2010 0:00:00,609.76,623.52,609.76,615.36
12/28/2010 0:00:00,612.48,627.36,612.48,622.88
12/29/2010 0:00:00,618.08,620.8,612.32,614.4
12/30/2010 0:00:00,616.48,617.6,605.44,606.72
12/31/2010 0:00:00,609.6,614.88,600.32,601.76
1/3/2011 0:00:00,590.24,590.586,577.12,583.84
1/4/2011 0:00:00,582.88,602.08,579.52,581.28
1/5/2011 0:00:00,590.88,592.8,569.28,573.28
1/6/2011 0:00:00,570.24,581.28,565.92,574.88
1/7/2011 0:00:00,569.762,591.84,560.8,576.8
1/10/2011 0:00:00,584.8,597.28,572.48,576
1/11/2011 0:00:00,567.048,571.68,557.6,559.04
1/12/2011 0:00:00,546.56,549.12,532.48,534.88
1/13/2011 0:00:00,532.32,539.52,526.88,527.84
1/14/2011 0:00:00,529.92,531.52,500,505.12
1/18/2011 0:00:00,505.44,506.24,487.84,488.96
1/19/2011 0:00:00,492.8,526.08,490.88,514.88
1/20/2011 0:00:00,517.44,531.36,508,509.6
1/21/2011 0:00:00,496.64,520.96,494.56,515.68
1/24/2011 0:00:00,516.8,520,501.76,505.28
1/25/2011 0:00:00,509.44,518.56,498.24,499.04
1/26/2011 0:00:00,493.128,497.92,478.88,483.84
1/27/2011 0:00:00,481.92,486.72,472.16,473.76
1/28/2011 0:00:00,471.68,521.12,465.28,513.6
1/31/2011 0:00:00,506.24,517.76,503.84,512.496
2/1/2011 0:00:00,499.2,501.598,481.76,487.68
2/2/2011 0:00:00,491.52,492.64,478.4,485.44
2/3/2011 0:00:00,488,500,477.44,479.2
2/4/2011 0:00:00,477.6,482.4,466.24,467.36
2/7/2011 0:00:00,462.4,462.72,454.24,460.32
2/8/2011 0:00:00,457.92,467.04,452,454.72
2/9/2011 0:00:00,459.04,465.76,453.6,456.16
2/10/2011 0:00:00,466.24,468,452.8,456.16
2/11/2011 0:00:00,460,460.8,446.88,448.32
2/14/2011 0:00:00,448,450.88,443.2,443.68
2/15/2011 0:00:00,447.36,450.72,444.64,449.76
2/16/2011 0:00:00,443.36,455.68,439.2,455.36
2/17/2011 0:00:00,457.6,463.36,456.16,460.64
2/18/2011 0:00:00,457.92,469.44,457.44,464.48
2/22/2011 0:00:00,492.32,525.76,481.6,520.8
2/23/2011 0:00:00,522.24,562.88,516.48,544.16
2/24/2011 0:00:00,545.12,560.48,533.76,538.88
2/25/2011 0:00:00,523.2,524,503.52,504.16
2/28/2011 0:00:00,491.84,493.44,479.52,482.88
3/1/2011 0:00:00,478.24,520,477.12,519.2
3/2/2011 0:00:00,519.84,527.2,503.2,520.48
3/3/2011 0:00:00,497.6,503.36,492.96,494.08
3/4/2011 0:00:00,492.64,517.44,489.28,506.56
3/7/2011 0:00:00,500.48,536.48,494.4,519.872
3/8/2011 0:00:00,519.2,532.798,505.12,508.96
3/9/2011 0:00:00,513.44,531.04,511.84,516
3/10/2011 0:00:00,534.882,546.72,529.28,542.72
3/11/2011 0:00:00,552.64,553.6,524.16,528.16
3/14/2011 0:00:00,544.8,549.44,531.36,533.28
3/15/2011 0:00:00,592.64,592.8,546.08,555.824
3/16/2011 0:00:00,561.44,626.24,556.32,602.08
3/17/2011 0:00:00,570.24,589.12,565.92,583.68
3/18/2011 0:00:00,558.08,574.72,556.32,565.728
3/21/2011 0:00:00,541.6,543.52,520.8,522.72
3/22/2011 0:00:00,516.32,525.76,513.6,520
3/23/2011 0:00:00,524.16,533.28,497.92,500.16
3/24/2011 0:00:00,485.44,495.2,481.6,486.56
3/25/2011 0:00:00,480.32,487.36,473.6,485.92
3/28/2011 0:00:00,481.92,492.8,476.64,492.32
3/29/2011 0:00:00,490.88,499.52,479.84,479.84
3/30/2011 0:00:00,473.12,476.96,467.68,471.2
3/31/2011 0:00:00,475.202,477.28,468.32,469.92
4/1/2011 0:00:00,459.52,470.88,455.36,465.44
4/4/2011 0:00:00,461.12,468.16,457.92,460.8
4/5/2011 0:00:00,464.64,465.44,450.746,452.64
4/6/2011 0:00:00,448.32,458.88,445.76,450.88
4/7/2011 0:00:00,452,464.32,449.44,454.08
4/8/2011 0:00:00,449.28,468.8,446.24,462.688
4/11/2011 0:00:00,459.2,464.8,452.96,458.4
4/12/2011 0:00:00,467.68,472.32,458.56,462.72
4/13/2011 0:00:00,455.84,465.28,453.76,454.88
4/14/2011 0:00:00,464.16,466.72,448.32,451.04
4/15/2011 0:00:00,447.52,453.12,438.4,440.8
4/18/2011 0:00:00,460.32,468.96,448.16,450.08
4/19/2011 0:00:00,444.96,445.92,427.2,428.32
4/20/2011 0:00:00,411.84,413.6,407.04,410.4
4/21/2011 0:00:00,402.08,409.12,397.76,398.08
4/25/2011 0:00:00,396.16,399.36,388,388.96
4/26/2011 0:00:00,384.32,386.88,375.2,380.48
4/27/2011 0:00:00,380.96,396,374.56,374.88
4/28/2011 0:00:00,379.52,379.84,368.32,370.4
4/29/2011 0:00:00,370.4,374.24,369.76,370.56
5/2/2011 0:00:00,367.2,385.28,367.2,382.08
5/3/2011 0:00:00,383.2,399.2,383.2,389.92
5/4/2011 0:00:00,390.72,407.68,389.6,394.4
5/5/2011 0:00:00,408,409.6,389.76,405.6
5/6/2011 0:00:00,387.04,409.28,380,397.44
5/9/2011 0:00:00,397.92,398.72,382.56,383.84
5/10/2011 0:00:00,379.842,382.56,368.8,370.56
5/11/2011 0:00:00,370.88,388.32,370.72,376.96
5/12/2011 0:00:00,383.68,389.12,369.6,373.28
5/13/2011 0:00:00,370.72,384,370.24,378.08
5/16/2011 0:00:00,381.76,386.72,370.24,386.72
5/17/2011 0:00:00,391.04,396.48,377.76,379.04
5/18/2011 0:00:00,377.6,382.08,366.72,368.8
5/19/2011 0:00:00,363.84,368.99,359.36,360.64
5/20/2011 0:00:00,360.8,371.84,355.52,364.16
5/23/2011 0:00:00,382.4,384.64,371.2,376.16
5/24/2011 0:00:00,372.16,375.84,367.36,375.52
5/25/2011 0:00:00,375.52,376.16,361.28,364.8
5/26/2011 0:00:00,366.24,368.96,356,356.64
5/27/2011 0:00:00,351.76,352.8,345.76,351.04
5/31/2011 0:00:00,338.4,344.96,337.6,340.64
6/1/2011 0:00:00,343.2,362.56,341.6,362.08
6/2/2011 0:00:00,356.48,369.12,353.6,357.6
6/3/2011 0:00:00,372.96,373.12,353.28,357.92
6/6/2011 0:00:00,357.6,368.32,353.12,364
6/7/2011 0:00:00,356.96,359.84,350.4,359.68
6/8/2011 0:00:00,360,367.04,355.84,365.28
6/9/2011 0:00:00,359.68,360.8,350.88,353.76
6/10/2011 0:00:00,355.68,369.76,354.4,365.76
6/13/2011 0:00:00,364.64,379.68,360.32,371.84
6/14/2011 0:00:00,361.76,362.08,356,360.32
6/15/2011 0:00:00,373.28,392.64,370.4,390.88
6/16/2011 0:00:00,398.4,430.24,392,411.84
6/17/2011 0:00:00,398.72,414.08,394.24,403.84
6/20/2011 0:00:00,407.2,409.6,385.28,385.92
6/21/2011 0:00:00,374.56,376.96,364,373.12
6/22/2011 0:00:00,369.44,377.92,361.76,376.8
6/23/2011 0:00:00,398.24,403.36,376.16,376.8
6/24/2011 0:00:00,373.92,394.24,371.68,392.496
6/27/2011 0:00:00,392.96,398.24,384,386.72
6/28/2011 0:00:00,381.28,384.32,370.4,371.04
6/29/2011 0:00:00,361.28,364.8,351.84,352.48
6/30/2011 0:00:00,345.76,346.72,334.4,338.24
7/1/2011 0:00:00,335.68,337.28,322.24,324.64
7/5/2011 0:00:00,323.84,328,321.28,325.792
7/6/2011 0:00:00,329.76,336.16,326.72,330.88
7/7/2011 0:00:00,319.52,322.56,318.08,321.76
7/8/2011 0:00:00,333.6,333.76,325.28,325.6
7/11/2011 0:00:00,341.76,353.92,337.44,352.32
7/12/2011 0:00:00,359.84,361.6,344.96,361.12
7/13/2011 0:00:00,353.6,365.28,343.52,361.12
7/14/2011 0:00:00,356.8,383.36,356.64,374.08
7/15/2011 0:00:00,370.08,383.84,365.12,370.56
7/18/2011 0:00:00,378.08,385.92,376.816,378.24
7/19/2011 0:00:00,370.56,371.52,358.56,360.32
7/20/2011 0:00:00,353.12,360.32,351.2,352.64
7/21/2011 0:00:00,343.36,345.763,333.28,334.08
7/22/2011 0:00:00,331.2,337.44,328.64,331.68
7/25/2011 0:00:00,342.4,345.44,336.96,344.32
7/26/2011 0:00:00,345.92,354.72,344.48,352.016
7/27/2011 0:00:00,358.56,375.04,358.24,372.8
7/28/2011 0:00:00,375.04,384.32,362.24,381.44
7/29/2011 0:00:00,393.92,399.68,372.4,374.56
8/1/2011 0:00:00,354.56,382.88,352.808,358.56
8/2/2011 0:00:00,370.56,383.84,361.6,383.52
8/3/2011 0:00:00,384.96,403.2,378.56,385.28
8/4/2011 0:00:00,400.64,462.4,397.76,462.24
8/5/2011 0:00:00,442.56,532,435.2,484.96
8/8/2011 0:00:00,529.28,570.08,510.24,556.48
8/9/2011 0:00:00,535.2,577.28,499.84,500.16
8/10/2011 0:00:00,522.72,567.04,516.48,562.72
8/11/2011 0:00:00,553.28,568.48,525.76,540.48
8/12/2011 0:00:00,522.72,547.68,515.52,546.08
8/15/2011 0:00:00,528.8,536.8,513.92,514.88
8/16/2011 0:00:00,526.72,544,516.48,525.904
8/17/2011 0:00:00,518.24,542.4,513.44,536.48
8/18/2011 0:00:00,586.56,661.92,584.8,647.52
8/19/2011 0:00:00,688.48,689.76,638.72,680.8
8/22/2011 0:00:00,642.08,710.88,621.6,701.776
8/23/2011 0:00:00,699.68,715.84,664.32,668.352
8/24/2011 0:00:00,667.68,674.4,634.24,654.4
8/25/2011 0:00:00,636.48,683.84,628,667.648
8/26/2011 0:00:00,692,705.6,645.12,657.12
8/29/2011 0:00:00,631.84,634.88,615.68,616
8/30/2011 0:00:00,626.88,639.52,614.08,622.4
8/31/2011 0:00:00,616,631.04,604.48,623.36
9/1/2011 0:00:00,622.24,632.48,605.44,631.84
9/2/2011 0:00:00,662.4,670.4,652.96,663.68
9/6/2011 0:00:00,724.8,725.28,681.76,683.52
9/7/2011 0:00:00,662.88,670.72,656.32,659.04
9/8/2011 0:00:00,668.48,674.24,647.202,669.76
9/9/2011 0:00:00,689.92,742.08,685.44,733.28
9/12/2011 0:00:00,767.36,786.4,736.48,740
9/13/2011 0:00:00,735.2,756.64,730.4,733.6
9/14/2011 0:00:00,724,751.36,697.44,713.6
9/15/2011 0:00:00,697.44,704.64,677.44,678.08
9/16/2011 0:00:00,672.96,688.48,661.6,664.8
9/19/2011 0:00:00,695.84,709.28,679.04,687.04
9/20/2011 0:00:00,680.8,689.44,662.08,686.08
9/21/2011 0:00:00,682.72,723.84,673.92,723.36
9/22/2011 0:00:00,786.08,821.76,765.28,797.44
9/23/2011 0:00:00,803.52,817.92,787.2,805.44
9/26/2011 0:00:00,790.88,820.8,775.52,777.6
9/27/2011 0:00:00,743.36,770.08,728.8,762.24
9/28/2011 0:00:00,754.72,812.96,746.4,811.68
9/29/2011 0:00:00,785.12,836,776,797.76
9/30/2011 0:00:00,828.32,857.44,812.64,853.92
10/3/2011 0:00:00,872.08,911.52,850.24,909.44
10/4/2011 0:00:00,932.16,946.88,840.32,845.523
10/5/2011 0:00:00,834.56,850.08,801.12,804.16
10/6/2011 0:00:00,806.72,822.4,789.76,790.08
10/7/2011 0:00:00,775.68,819.04,775.04,803.52
10/10/2011 0:00:00,772,773.282,745.6,745.76
10/11/2011 0:00:00,755.2,756.16,732.32,736.64
10/12/2011 0:00:00,711.84,714.56,674.56,687.52
10/13/2011 0:00:00,694.48,716.16,684.64,686.08
10/14/2011 0:00:00,658.08,673.76,645.12,647.36
10/17/2011 0:00:00,650.08,718.56,649.12,714.56
10/18/2011 0:00:00,715.2,741.12,663.2,688
10/19/2011 0:00:00,683.68,747.68,676.8,733.92
10/20/2011 0:00:00,740,772,730.88,741.12
10/21/2011 0:00:00,713.12,725.6,699.2,700.64
10/24/2011 0:00:00,693.12,693.12,656,658.72
10/25/2011 0:00:00,665.92,706.72,665.44,700.8
10/26/2011 0:00:00,674.56,724.8,669.28,672.48
10/27/2011 0:00:00,603.68,619.52,577.44,583.2
10/28/2011 0:00:00,595.52,600.64,575.04,580.16
10/31/2011 0:00:00,605.76,641.76,600.8,641.76
11/1/2011 0:00:00,738.56,755.84,708.16,734.72
11/2/2011 0:00:00,708.8,737.28,704.32,712
11/3/2011 0:00:00,692.16,736,675.04,676.96
11/4/2011 0:00:00,695.04,716.8,679.52,691.984
11/7/2011 0:00:00,694.56,713.44,684,685.12
11/8/2011 0:00:00,675.84,696,652,653.12
11/9/2011 0:00:00,702.72,780.8,695.04,776.32
11/10/2011 0:00:00,729.6,771.04,724.32,727.68
11/11/2011 0:00:00,699.84,702.08,687.36,696.64
11/14/2011 0:00:00,706.72,726.72,704.96,713.92
11/15/2011 0:00:00,727.04,733.12,698.56,706.08
11/16/2011 0:00:00,728.48,745.92,701.6,740.64
11/17/2011 0:00:00,746.08,790.88,738.4,775.04
11/18/2011 0:00:00,754.56,776,749.12,750.24
11/21/2011 0:00:00,788.48,792.16,753.76,760.64
11/22/2011 0:00:00,764.48,771.36,741.44,742.72
11/23/2011 0:00:00,760.48,778.24,755.52,777.6
11/25/2011 0:00:00,779.68,789.6,763.2,787.2
11/28/2011 0:00:00,733.92,757.28,727.04,749.12
11/29/2011 0:00:00,741.918,751.467,726.88,734.08
11/30/2011 0:00:00,685.6,691.04,666.24,668.96
12/1/2011 0:00:00,671.52,673.92,648.589,653.12
12/2/2011 0:00:00,635.36,653.92,624,652.64
12/5/2011 0:00:00,623.2,658.736,622.56,651.04
12/6/2011 0:00:00,650.547,655.52,640,648.64
12/7/2011 0:00:00,656.8,683.84,656,667.68
12/8/2011 0:00:00,688.48,704.8,680.96,699.36
12/9/2011 0:00:00,689.12,691.36,648.64,649.76
12/12/2011 0:00:00,663.36,677.12,652.8,653.12
12/13/2011 0:00:00,639.52,663.2,625.12,649.76
12/14/2011 0:00:00,649.92,666.56,640.16,652.32
12/15/2011 0:00:00,628.32,636.002,618.899,626.24
12/16/2011 0:00:00,606.4,631.84,605.6,624
12/19/2011 0:00:00,617.44,622.88,604,617.44
12/20/2011 0:00:00,589.28,590.24,578.08,579.52
12/21/2011 0:00:00,573.6,582.24,539.84,540.16
12/22/2011 0:00:00,528.48,547.68,517.76,541.28
12/23/2011 0:00:00,536.16,559.36,533.278,555.04
12/27/2011 0:00:00,552.96,555.52,544,550.24
12/28/2011 0:00:00,547.36,575.68,546.4,574.08
12/29/2011 0:00:00,568.64,569.437,558.4,559.68
12/30/2011 0:00:00,558.72,569.68,556.32,568.48
1/3/2012 0:00:00,542.56,546.08,534.4,538.704
1/4/2012 0:00:00,545.92,551.84,527.04,528.16
1/5/2012 0:00:00,535.2,540.96,515.2,516
1/6/2012 0:00:00,512.48,522.24,502.4,508.16
1/9/2012 0:00:00,503.52,508,496.96,500.8
1/10/2012 0:00:00,484.96,493.104,480.16,490.24
1/11/2012 0:00:00,494.717,499.84,492.32,498.56
1/12/2012 0:00:00,495.36,514.4,490.24,490.56
1/13/2012 0:00:00,501.44,519.36,501.28,503.84
1/17/2012 0:00:00,487.68,503.68,479.68,499.52
1/18/2012 0:00:00,496.96,502.88,480.96,482.4
1/19/2012 0:00:00,474.4,481.12,467.68,468.96
1/20/2012 0:00:00,471.2,474.08,453.44,454.72
1/23/2012 0:00:00,454.08,457.28,440,443.52
1/24/2012 0:00:00,454.24,455.984,442.72,445.12
1/25/2012 0:00:00,445.12,450.88,424.64,426.4
1/26/2012 0:00:00,417.6,432.8,415.84,426.24
1/27/2012 0:00:00,432.48,433.12,415.52,417.12
1/30/2012 0:00:00,432.32,436,424,429.76
1/31/2012 0:00:00,420.96,434.08,418.08,429.76
2/1/2012 0:00:00,420,424,412,418.08
2/2/2012 0:00:00,411.04,413.12,404.8,405.312
2/3/2012 0:00:00,388.48,392.96,383.2,383.79
2/6/2012 0:00:00,387.36,388.48,379.2,379.52
2/7/2012 0:00:00,380.8,388,378.88,383.2
2/8/2012 0:00:00,382.72,394.08,380.8,391.68
2/9/2012 0:00:00,393.44,411.52,390.4,410.72
2/10/2012 0:00:00,432.48,471.36,428.32,445.952
2/13/2012 0:00:00,421.76,428.16,411.52,412.16
2/14/2012 0:00:00,417.76,450.56,417.44,424.32
2/15/2012 0:00:00,428.16,451.84,427.84,448.32
2/16/2012 0:00:00,459.2,467.36,429.44,431.04
2/17/2012 0:00:00,423.84,436.48,420.16,425.52
2/21/2012 0:00:00,419.84,431.2,419.2,424.96
2/22/2012 0:00:00,427.68,428.96,412.16,412.96
2/23/2012 0:00:00,413.44,417.6,383.2,386.08
2/24/2012 0:00:00,380.96,403.04,378.08,400.8
2/27/2012 0:00:00,415.04,416.96,391.84,404.96
2/28/2012 0:00:00,409.28,410.08,397.76,399.36
2/29/2012 0:00:00,392.64,402.688,385.12,392.32
3/1/2012 0:00:00,390.24,392.8,382.72,386.24
3/2/2012 0:00:00,385.12,391.84,382.08,388.416
3/5/2012 0:00:00,390.64,395.2,384.8,387.04
3/6/2012 0:00:00,411.68,420,403.488,416.48
3/7/2012 0:00:00,410.72,413.76,395.04,395.696
3/8/2012 0:00:00,385.92,388.16,378.4,380.8
3/9/2012 0:00:00,375.36,376.32,365.44,373.44
3/12/2012 0:00:00,368.16,369.12,355.04,356.322
3/13/2012 0:00:00,345.76,349.6,337.12,339.984
3/14/2012 0:00:00,337.44,359.84,336.32,351.032
3/15/2012 0:00:00,354.72,359.2,345.44,345.888
3/16/2012 0:00:00,343.68,349.28,342.08,344.917
3/19/2012 0:00:00,342.88,344.16,321.6,324.072
3/20/2012 0:00:00,331.68,334.08,308.96,309.12
3/21/2012 0:00:00,302.88,307.2,290.24,293.76
3/22/2012 0:00:00,307.04,312.16,293.6,297.28
3/23/2012 0:00:00,295.2,300.32,275.52,276.8
3/26/2012 0:00:00,266.08,266.4,249.12,250.696
3/27/2012 0:00:00,254.88,276,253.44,275.2
3/28/2012 0:00:00,275.04,301.6,270.56,277.28
3/29/2012 0:00:00,294.56,294.56,273.12,275.84
3/30/2012 0:00:00,264.64,275.68,264,268.488
4/2/2012 0:00:00,270.4,271.68,259.04,268.616
4/3/2012 0:00:00,267.36,281.389,265.12,273.6
4/4/2012 0:00:00,287.2,293.6,276.96,279.712
4/5/2012 0:00:00,286.88,288,278.24,285.76
4/9/2012 0:00:00,302.88,304,292,303.712
4/10/2012 0:00:00,305.28,328.8,300.96,328.008
4/11/2012 0:00:00,311.84,322.24,308,320.64
4/12/2012 0:00:00,316,317.76,291.2,292.96
4/13/2012 0:00:00,291.84,309.12,291.52,308.638
4/16/2012 0:00:00,297.6,314.08,294.56,303.856
4/17/2012 0:00:00,293.12,294.4,283.52,287.84
4/18/2012 0:00:00,290.4,295.2,283.84,292
4/19/2012 0:00:00,290.88,302.08,284.32,294.08
4/20/2012 0:00:00,287.52,288,281.12,284.32
4/23/2012 0:00:00,298.72,304.48,291.84,293.76
4/24/2012 0:00:00,292.16,294.08,286.56,286.56
4/25/2012 0:00:00,275.2,276.32,268.32,269.12
4/26/2012 0:00:00,269.6,271.04,257.28,259.68
4/27/2012 0:00:00,258.88,264.32,256.8,259.04
4/30/2012 0:00:00,262.4,266.56,260.48,264.8
5/1/2012 0:00:00,264.16,265.12,253.28,256.16
5/2/2012 0:00:00,262.24,264.96,256.32,259.04
5/3/2012 0:00:00,256.8,268,255.04,264.64
5/4/2012 0:00:00,267.2,280,266.24,275.68
5/7/2012 0:00:00,282.4,283.202,268.32,271.36
5/8/2012 0:00:00,276.96,291.2,272.24,273.92
5/9/2012 0:00:00,287.36,292.8,275.36,284
5/10/2012 0:00:00,275.84,279.611,271.84,275.36
5/11/2012 0:00:00,282.56,283.04,270.56,279.68
5/14/2012 0:00:00,291.52,296,287.36,295.2
5/15/2012 0:00:00,296.48,311.52,290.88,310.88
5/16/2012 0:00:00,305.6,322.4,300.48,321.12
5/17/2012 0:00:00,318.72,336.64,314.56,336
5/18/2012 0:00:00,334.08,364.64,331.68,357.76
5/21/2012 0:00:00,356.32,361.278,318.24,318.4
5/22/2012 0:00:00,314.88,340.32,300.32,329.76
5/23/2012 0:00:00,338.56,348.8,320.64,324.32
5/24/2012 0:00:00,322.08,339.2,319.84,326.736
5/25/2012 0:00:00,326.4,328.48,321.6,323.36
5/29/2012 0:00:00,313.76,320,306.72,307.52
5/30/2012 0:00:00,316.16,328.96,316.16,328.8
5/31/2012 0:00:00,331.52,348.48,321.792,333.12
6/1/2012 0:00:00,358.24,362.4,348.32,361.28
6/4/2012 0:00:00,353.92,366.08,345.6,346.72
6/5/2012 0:00:00,350.08,350.56,336.32,338.72
6/6/2012 0:00:00,328.48,331.2,314.238,314.4
6/7/2012 0:00:00,300.48,313.44,298.56,311.36
6/8/2012 0:00:00,313.12,314.88,294.4,294.4
6/11/2012 0:00:00,284,320.16,281.922,319.12
6/12/2012 0:00:00,316.8,327.84,311.68,313.568
6/13/2012 0:00:00,321.28,334.88,312.318,329.68
6/14/2012 0:00:00,327.04,332.16,308.8,309.248
6/15/2012 0:00:00,306.24,310.72,290.56,295.84
6/18/2012 0:00:00,294.24,296.96,270.72,271.52
6/19/2012 0:00:00,261.92,270.08,260.32,266.08
6/20/2012 0:00:00,265.6,276,254.56,254.88
6/21/2012 0:00:00,254.88,283.36,252.16,283.2
6/22/2012 0:00:00,272.64,277.6,252.8,254.24
6/25/2012 0:00:00,271.68,278.08,269.92,274.24
6/26/2012 0:00:00,266.72,277.6,263.04,266.72
6/27/2012 0:00:00,262.56,269.44,258.88,268.96
6/28/2012 0:00:00,271.52,276.8,259.84,260.16
6/29/2012 0:00:00,245.28,249.28,241.76,243.36
7/2/2012 0:00:00,237.92,241.12,226.72,227.464
7/3/2012 0:00:00,225.92,226.4,219.2,222.4
7/5/2012 0:00:00,223.84,232.96,223.84,230.4
7/6/2012 0:00:00,236.96,237.28,227.36,228.144
7/9/2012 0:00:00,226.72,232,223.68,226.24
7/10/2012 0:00:00,222.56,236.48,219.2,232.48
7/11/2012 0:00:00,231.84,235.84,222.56,224.96
7/12/2012 0:00:00,230.08,235.52,221.44,226.272
7/13/2012 0:00:00,223.52,223.84,213.44,213.6
7/16/2012 0:00:00,213.12,216,208.96,210.8
7/17/2012 0:00:00,207.84,213.92,201.92,203.2
7/18/2012 0:00:00,204.64,207.04,200,205.6
7/19/2012 0:00:00,204.48,208.8,200.8,200.8
7/20/2012 0:00:00,207.04,213.44,204,211.2
7/23/2012 0:00:00,228.32,235.52,221.12,224.96
7/24/2012 0:00:00,225.12,241.44,224.48,234.56
7/25/2012 0:00:00,233.44,241.6,227.36,231.2
7/26/2012 0:00:00,216.96,221.92,213.12,213.6
7/27/2012 0:00:00,204.8,210.56,203.52,207.84
7/30/2012 0:00:00,206.24,212.8,203.68,212.16
7/31/2012 0:00:00,216.32,218.72,212,218.24
8/1/2012 0:00:00,214.08,218.56,210.72,213.44
8/2/2012 0:00:00,218.56,221.28,208.48,208.48
8/3/2012 0:00:00,200.64,202.08,194.24,194.576
8/6/2012 0:00:00,191.68,192.8,187.52,189.76
8/7/2012 0:00:00,187.04,195.52,185.76,195.52
8/8/2012 0:00:00,194.4,196,186.72,187.36
8/9/2012 0:00:00,188.4,191.333,184.16,186.08
8/10/2012 0:00:00,188.16,189.44,182.72,182.72
8/13/2012 0:00:00,183.68,184.16,178.08,178.08
8/14/2012 0:00:00,179.2,188.32,178.24,187.968
8/15/2012 0:00:00,188.32,189.28,183.36,188
8/16/2012 0:00:00,187.36,190.72,184.16,184.16
8/17/2012 0:00:00,182.4,184.96,177.76,179.2
8/20/2012 0:00:00,180.64,184,178.72,179.2
8/21/2012 0:00:00,176.8,185.6,176.32,184
8/22/2012 0:00:00,187.36,189.28,183.2,185.6
8/23/2012 0:00:00,186.24,191.52,185.76,188.96
8/24/2012 0:00:00,191.36,191.84,180,181.28
8/27/2012 0:00:00,179.84,183.36,178.24,183.04
8/28/2012 0:00:00,185.44,186.72,182.56,186.24
8/29/2012 0:00:00,185.6,187.04,181.92,186.56
8/30/2012 0:00:00,190.88,192.64,188.48,190.72
8/31/2012 0:00:00,187.36,191.68,182.88,184.16
9/4/2012 0:00:00,185.12,188.32,182.56,182.88
9/5/2012 0:00:00,182.24,183.04,176.96,177.92
9/6/2012 0:00:00,174.24,174.24,159.2,159.6
9/7/2012 0:00:00,156.64,156.96,149.92,150.56
9/10/2012 0:00:00,152.8,159.2,147.84,158.88
9/11/2012 0:00:00,158.24,160.16,153.76,157.76
9/12/2012 0:00:00,154.24,158.48,152.16,153.28
9/13/2012 0:00:00,153.28,156,140.96,141.922
9/14/2012 0:00:00,139.2,147.68,136.8,146.88
9/17/2012 0:00:00,149.28,149.44,145.12,145.12
9/18/2012 0:00:00,146.56,147.84,141.12,141.76
9/19/2012 0:00:00,139.04,142.4,138.72,141.6
9/20/2012 0:00:00,142.72,145.28,140,140.016
9/21/2012 0:00:00,140.16,141.44,137.12,139.12
9/24/2012 0:00:00,140.64,141.44,136,137.12
9/25/2012 0:00:00,135.68,148,135.52,147.92
9/26/2012 0:00:00,150.4,156.48,148.16,153.12
9/27/2012 0:00:00,148.32,150.72,139.2,139.68
9/28/2012 0:00:00,142.56,145.136,139.36,144
10/1/2012 0:00:00,140.32,146.24,136.64,145.36
10/2/2012 0:00:00,143.2,147.36,142.08,142.08
10/3/2012 0:00:00,142.56,145.92,139.84,142.08
10/4/2012 0:00:00,140.32,141.6,138.4,138.4
10/5/2012 0:00:00,134.04,138.12,132.48,136.48
10/8/2012 0:00:00,138.32,139.4,136.64,138.08
10/9/2012 0:00:00,138.28,144.64,137.568,143.908
10/10/2012 0:00:00,142.32,145.52,141.32,142.2
10/11/2012 0:00:00,139.96,141.32,138.32,140.04
10/12/2012 0:00:00,138.08,142.56,136.76,141.5213
10/15/2012 0:00:00,140.4,143.32,136.32,136.88
10/16/2012 0:00:00,134.32,135.48,132.88,133.5595
10/17/2012 0:00:00,133.28,134.88,131.12,131.92
10/18/2012 0:00:00,132.8,133.64,129.92,131.5
10/19/2012 0:00:00,132.76,141.32,132.6,139.96
10/22/2012 0:00:00,139.4,143.76,138.08,138.2
10/23/2012 0:00:00,145.8,150.8,144.88,149.04
10/24/2012 0:00:00,146.68,150.92,146.3995,149.8795
10/25/2012 0:00:00,144.68,149.44,143.84,145.92
10/26/2012 0:00:00,145.72,149.44,143.24,145.2
10/31/2012 0:00:00,142.36,149.72,142.16,148.04
11/1/2012 0:00:00,146.8,147.12,135.96,136.2
11/2/2012 0:00:00,134.28,140.36,133.76,139.7068
11/5/2012 0:00:00,141.44,145.84,140.7,142.2395
11/6/2012 0:00:00,141.12,142.6,135.44,137.32
11/7/2012 0:00:00,140.32,149.68,139.32,147.8
11/8/2012 0:00:00,147.56,149.72,144.12,148.7595
11/9/2012 0:00:00,150.36,150.56,144.04,148.72
11/12/2012 0:00:00,146.96,147.08,138.72,139.16
11/13/2012 0:00:00,142.2,143.28,135.72,139.4
11/14/2012 0:00:00,135.4,146.32,135,144
11/15/2012 0:00:00,143.92,149.96,141.24,145.28
11/16/2012 0:00:00,143.72,148.88,138.5595,138.7195
11/19/2012 0:00:00,133.8,133.88,126.6,126.8
11/20/2012 0:00:00,125.32,127.52,124.28,124.64
11/21/2012 0:00:00,124.32,126.6,122,125.36
11/23/2012 0:00:00,122.4,123.56,120,120
11/26/2012 0:00:00,122.24,122.88,118.8,118.96
11/27/2012 0:00:00,118.16,121.84,117.2,121.44
11/28/2012 0:00:00,123.48,125.96,117.64,117.76
11/29/2012 0:00:00,116.2,119.04,115.72,116.4
11/30/2012 0:00:00,115.36,119.6,115.32,118.48
12/3/2012 0:00:00,115.56,121.2,115.24,120.9613
12/4/2012 0:00:00,121.56,124.6,119.96,122.68
12/5/2012 0:00:00,122.88,125.72,120.08,120.6405
12/6/2012 0:00:00,120.72,123.1995,120.28,122.1593
12/7/2012 0:00:00,120.16,123,117.6,117.76
12/10/2012 0:00:00,118.96,120.44,118.12,119.52
12/11/2012 0:00:00,118.04,118.68,115.36,115.4268
12/12/2012 0:00:00,114.92,118.64,114.32,118.2933
12/13/2012 0:00:00,117.96,122.4,117.38,120.5073
12/14/2012 0:00:00,121.04,122.88,120.4,121.3333
12/17/2012 0:00:00,121.8,121.96,116.96,117.16
12/18/2012 0:00:00,115.32,115.84,111.76,112.6115
12/19/2012 0:00:00,112.52,119.36,112.48,119.16
12/20/2012 0:00:00,118.84,122.84,118.04,121.84
12/21/2012 0:00:00,132.08,132.52,128.08,130.16
12/24/2012 0:00:00,128.04,129.68,127.48,127.84
12/26/2012 0:00:00,130.08,135.24,129.76,134.96
12/27/2012 0:00:00,134.64,143.52,133.24,134.84
12/28/2012 0:00:00,139.28,142.68,135.68,141.72
12/31/2012 0:00:00,145.6,147.16,125.6,127.24
1/2/2013 0:00:00,114.6795,118.16,112.12,112.1995
1/3/2013 0:00:00,112.84,114.24,110.12,112.5213
1/4/2013 0:00:00,112.2,112.76,109.6,110.2
1/7/2013 0:00:00,111.48,112.28,109.44,110.08
1/8/2013 0:00:00,109.32,111.28,108.36,108.72
1/9/2013 0:00:00,107,109.92,106.76,108.96
1/10/2013 0:00:00,106.8,108.48,106.0053,106.28
1/11/2013 0:00:00,106.4,107.72,105.8,105.84
1/14/2013 0:00:00,105.64,106.52,103.64,104.12
1/15/2013 0:00:00,105.4,105.8,103.2,104.16
1/16/2013 0:00:00,103.28,103.88,100.88,101.96
1/17/2013 0:00:00,100.58,102.52,100.2,102.52
1/18/2013 0:00:00,101.44,102.12,95.52,95.92
1/22/2013 0:00:00,96.04,97.84,92.68,93.2
1/23/2013 0:00:00,93.12,93.48,90.16,90.68
1/24/2013 0:00:00,91.24,96.4,89.8,91.2
1/25/2013 0:00:00,91.44,93.6,90.32,91.8
1/28/2013 0:00:00,91.56,95.4395,91.56,94.28
1/29/2013 0:00:00,95.68,96.32,90.72,91.44
1/30/2013 0:00:00,93.56,97.32,92.44,97.08
1/31/2013 0:00:00,97.8,98.4335,95.28,97.36
2/1/2013 0:00:00,93.56,93.68,91.24,92.36
2/4/2013 0:00:00,95.2,98.8,94.1195,98.72
2/5/2013 0:00:00,96.6,97,92.88,94.684
2/6/2013 0:00:00,96.52,96.92,94,94.2
2/7/2013 0:00:00,92.96,97.6,92.68,93.84
2/8/2013 0:00:00,93.24,93.32,91.64,91.96
2/11/2013 0:00:00,91.64,92.48,90,90.4
2/12/2013 0:00:00,90.28,90.96,88.68,89.48
2/13/2013 0:00:00,89.28,91.52,88.36,89.96
2/14/2013 0:00:00,90.56,91.12,88.12,88.64
2/15/2013 0:00:00,87.76,89.88,87.36,87.86
2/19/2013 0:00:00,87.16,87.28,83.88,84.08
2/20/2013 0:00:00,84.4,91.76,84.28,91.32
2/21/2013 0:00:00,91.4,96.32,91.32,93.08
2/22/2013 0:00:00,90.84,92.712,89.8,89.92
2/25/2013 0:00:00,86.84,103.2,85.68,102.24
2/26/2013 0:00:00,101.12,107.24,98.08,99.72
2/27/2013 0:00:00,100.44,101.48,91.4,93.08
2/28/2013 0:00:00,92.72,95.88,91.24,95.88
3/1/2013 0:00:00,100.16,102.48,95.64,97.312
3/4/2013 0:00:00,98.6,99.16,92,92.24
3/5/2013 0:00:00,89.1595,90.16,88.52,89.12
3/6/2013 0:00:00,88.12,91.2,87.92,89.56
3/7/2013 0:00:00,89.2,89.96,87.64,87.712
3/8/2013 0:00:00,86.2,89.08,85.96,86.52
3/11/2013 0:00:00,86.4,86.76,82.8,82.92
3/12/2013 0:00:00,83.08,86.8,82.52,84.2
3/13/2013 0:00:00,83.88,85.68,83.08,83.72
3/14/2013 0:00:00,82.64,83.6,81.8,82.12
3/15/2013 0:00:00,82.48,83.96,81.64,82.04
3/18/2013 0:00:00,87.32,87.56,82.8,86.31
3/19/2013 0:00:00,84.48,90.96,84.08,86.32
3/20/2013 0:00:00,83.4,84.32,81.2,81.768
3/21/2013 0:00:00,83.92,85.28,81.88,84.08
3/22/2013 0:00:00,82.72,85.12,82.28,83.8
3/25/2013 0:00:00,81.76,85.24,80.6,82.72
3/26/2013 0:00:00,81.36,82.4,80.2,80.56
3/27/2013 0:00:00,82.48,83.2,80.72,81.36
3/28/2013 0:00:00,81.04,81.76,80.72,81
4/1/2013 0:00:00,80.64,82.24,80.32,81.28
4/2/2013 0:00:00,80,80.32,78.64,78.76
4/3/2013 0:00:00,78.6,82.32,78.24,81.56
4/4/2013 0:00:00,81.36,83.52,80.12,80.12
4/5/2013 0:00:00,84.76,85.08,80.36,80.448
4/8/2013 0:00:00,79.8,80.96,78.12,78.2
4/9/2013 0:00:00,77.52,78.88,76.36,77.16
4/10/2013 0:00:00,76.24,76.56,74.92,75.16
4/11/2013 0:00:00,74.8,75.4,73.48,74.8
4/12/2013 0:00:00,75.72,76.508,73.24,73.4
4/15/2013 0:00:00,73.96,84.88,72.92,82.08
4/16/2013 0:00:00,78.52,79.92,75.44,75.6
4/17/2013 0:00:00,78.52,87.08,78.44,84.28
4/18/2013 0:00:00,84.2,90.16,84.04,88.16
4/19/2013 0:00:00,86.84,87.36,81.08,81.76
4/22/2013 0:00:00,82.24,84.16,79.04,79.96
4/23/2013 0:00:00,77.44,82.96,75.6,75.92
4/24/2013 0:00:00,76.12,76.96,75.08,76.16
4/25/2013 0:00:00,75.4,77.6,75.12,77
4/26/2013 0:00:00,77.88,78.8,76.68,76.9605
4/29/2013 0:00:00,75.76,77.16,75.2,76.608
4/30/2013 0:00:00,76.52,77.84,75.56,75.88
5/1/2013 0:00:00,76.52,79.16,76.2795,79.08
5/2/2013 0:00:00,77.8,78,76.04,76.44
5/3/2013 0:00:00,74.68,76.1012,74.32,74.752
5/6/2013 0:00:00,74.64,74.8,73.04,73.52
5/7/2013 0:00:00,72.44,73.84,72.08,72.76
5/8/2013 0:00:00,73.48,74.72,72.88,73.24
5/9/2013 0:00:00,73.92,76.12,73.56,74.568
5/10/2013 0:00:00,75.08,75.92,73.8,73.84
5/13/2013 0:00:00,73.92,74.62,73.24,73.52
5/14/2013 0:00:00,73.04,73.8,72.52,72.8
5/15/2013 0:00:00,73.6,74.2,72.76,73.4
5/16/2013 0:00:00,73.96,74.88,73.08,74.04
5/17/2013 0:00:00,73.72,73.88,71.88,72.12
5/20/2013 0:00:00,73.04,73.2,72,73.08
5/21/2013 0:00:00,72.68,74.2005,72.44,73.72
5/22/2013 0:00:00,73.12,75.8,72.6,74.52
5/23/2013 0:00:00,78.12,78.28,74.5995,75.12
5/24/2013 0:00:00,76.04,76.56,74.8,74.92
5/28/2013 0:00:00,72.84,74.16,72.4,73.08
5/29/2013 0:00:00,74.32,75.8,73.56,74.19
5/30/2013 0:00:00,74.36,75.2,73.4,74.15
5/31/2013 0:00:00,74.92,76.72,73.92,76.566
6/3/2013 0:00:00,76.48,80.6,76.32,76.44
6/4/2013 0:00:00,76.92,79.76,76.28,77.36
6/5/2013 0:00:00,78.84,81.12,78.08,80.64
6/6/2013 0:00:00,81.4,85.12,79.68,79.76
6/7/2013 0:00:00,77.48,78.68,75.88,76.16
6/10/2013 0:00:00,75.12,76.52,74.88,75.12
6/11/2013 0:00:00,78.36,80.712,76.88,80.08
6/12/2013 0:00:00,78.4,85.8,78.2,84.8
6/13/2013 0:00:00,84.88,86,80.32,80.88
6/14/2013 0:00:00,81.08,83.396,79.28,83.16
6/17/2013 0:00:00,81.12,83.08,80.56,81.52
6/18/2013 0:00:00,81.08,81.516,80.2,80.32
6/19/2013 0:00:00,80.96,81.56,76.6,80.232
6/20/2013 0:00:00,83.64,92.12,83.2,89.64
6/21/2013 0:00:00,86.6,91.2805,85.56,86.24
6/24/2013 0:00:00,90.72,92.56,88.5195,91.24
6/25/2013 0:00:00,88.52,90.6,88.04,88.66
6/26/2013 0:00:00,86.52,88.48,86.4,86.72
6/27/2013 0:00:00,84.56,85.32,83.12,83.24
6/28/2013 0:00:00,84.84,85.52,81.4,82.84
7/1/2013 0:00:00,81.56,81.76,78.76,80.24
7/2/2013 0:00:00,81.08,82.56,79.2,81.2
7/3/2013 0:00:00,82.24,82.6,80,80.48
7/5/2013 0:00:00,78.44,79.6,76.24,76.24
7/8/2013 0:00:00,74.24,74.56,72.44,72.84
7/9/2013 0:00:00,70.96,71.92,70.52,71.36
7/10/2013 0:00:00,71.28,71.6,70.16,70.64
7/11/2013 0:00:00,68.32,69.52,68,68.72
7/12/2013 0:00:00,68.68,69.84,68.32,69.4
7/15/2013 0:00:00,68.68,69.24,67.4,67.88
7/16/2013 0:00:00,67.72,70.4,67.56,69.64
7/17/2013 0:00:00,68.72,69.36,67.16,67.24
7/18/2013 0:00:00,66.72,66.96,65.28,66.12
7/19/2013 0:00:00,66.6,67.4,64.32,64.68
7/22/2013 0:00:00,64.28,65,63.08,63.32
7/23/2013 0:00:00,62.72,64.08,62.2,63
7/24/2013 0:00:00,62.52,64.48,62.4405,63.84
7/25/2013 0:00:00,64.48,64.6,62.04,62.24
7/26/2013 0:00:00,62.92,64.04,61.8,62.04
7/29/2013 0:00:00,62.64,63.44,62.08,62.84
7/30/2013 0:00:00,62.6,63.16,61.48,61.6
7/31/2013 0:00:00,61.52,61.56,58.9345,60.26
8/1/2013 0:00:00,58.72,59.04,58.16,58.4
8/2/2013 0:00:00,58.48,58.52,56.84,57
8/5/2013 0:00:00,56.76,57.08,56.04,56.2
8/6/2013 0:00:00,56.56,58.36,56.36,57.924
8/7/2013 0:00:00,58.8,60.08,58.12,58.552
8/8/2013 0:00:00,57.44,58.8,57.2,57.64
8/9/2013 0:00:00,57.68,58.96,57.12,58.4
8/12/2013 0:00:00,59.68,59.72,57.84,58.072
8/13/2013 0:00:00,57.52,58.84,57.16,57.556
8/14/2013 0:00:00,57.16,58.16,56.88,57.96
8/15/2013 0:00:00,60,61.2,59.72,61.04
8/16/2013 0:00:00,61,61.14,59,59.876
8/19/2013 0:00:00,60.2,61.8,59.84,61.56
8/20/2013 0:00:00,61.8,62.16,59.32,60.84
8/21/2013 0:00:00,61.88,63.16,59.6,61.96
8/22/2013 0:00:00,61.2,61.32,60.08,60.48
8/23/2013 0:00:00,59.92,60.48,59.2,59.2
8/26/2013 0:00:00,58.68,61.4,58.24,61.16
8/27/2013 0:00:00,64,66.48,63.08,66.12
8/28/2013 0:00:00,66.6,67.44,64.88,65.92
8/29/2013 0:00:00,66.92,67.44,65.36,67.44
8/30/2013 0:00:00,66.84,69.36,66.8,68.16
9/3/2013 0:00:00,65.12,67,64.84,65.64
9/4/2013 0:00:00,65.64,66.08,64.94,65.36
9/5/2013 0:00:00,65.28,65.52,63.764,64.04
9/6/2013 0:00:00,63.04,66.28,62.88,64.48
9/9/2013 0:00:00,63.76,64.16,61.6988,62.08
9/10/2013 0:00:00,60.28,60.72,59.76,59.78
9/11/2013 0:00:00,60.08,60.32,57.64,57.88
9/12/2013 0:00:00,57.72,58.96,56.88,58.8
9/13/2013 0:00:00,57.72,59.04,57.44,57.92
9/16/2013 0:00:00,56.52,57.76,56.4,57.32
9/17/2013 0:00:00,57.16,57.2,56.48,56.72
9/18/2013 0:00:00,57,57.76,53.96,54.6
9/19/2013 0:00:00,53.88,54.96,53.68,54.32
9/20/2013 0:00:00,54.4,55.4,53.8,55.36
9/23/2013 0:00:00,55.2,57.12,55,56.06
9/24/2013 0:00:00,55.72,56.36,54.76,55.76
9/25/2013 0:00:00,55.6,56.36,54.96,55.56
9/26/2013 0:00:00,54.76,55.4213,54.36,54.48
9/27/2013 0:00:00,55.4,57.28,55.28,56.8
9/30/2013 0:00:00,59.32,59.5605,57.32,58.796
10/1/2013 0:00:00,58.84,59.04,56.72,56.72
10/2/2013 0:00:00,57.92,59.076,57.24,58.52
10/3/2013 0:00:00,59,63.4,58.72,60.68
10/4/2013 0:00:00,61.44,62.2,59.84,60.24
10/7/2013 0:00:00,62.68,64.96,61.96,64.84
10/8/2013 0:00:00,64.84,68.72,64.52,67.84
10/9/2013 0:00:00,67.8,69.64,64.56,65.48
10/10/2013 0:00:00,63.04,63.08,59,59.08
10/11/2013 0:00:00,59.2,59.4,57.08,58.12
10/14/2013 0:00:00,60.28,61.36,57.88,58.72
10/15/2013 0:00:00,59.2,62.64,58.08,62.24
10/16/2013 0:00:00,59.32,60.12,55.08,55.08
10/17/2013 0:00:00,55.8,55.84,52,52.04
10/18/2013 0:00:00,51.2,52.4888,50.44,51.42
10/21/2013 0:00:00,50.32,52.24,50.28,51.84
10/22/2013 0:00:00,50.72,52.32,50.6,52
10/23/2013 0:00:00,52.6,53.92,52.2,52.3
10/24/2013 0:00:00,51.96,52.36,51.2,51.52
10/25/2013 0:00:00,51.44,52.2,51.32,51.364
10/28/2013 0:00:00,51.6,52.2,51.36,51.644
10/29/2013 0:00:00,51.48,52.02,51.16,51.32
10/30/2013 0:00:00,51.32,52.72,51.2,51.8
10/31/2013 0:00:00,51.88,52.24,50.84,51.7
11/1/2013 0:00:00,51.24,51.96,49.52,51.32
11/4/2013 0:00:00,50.92,51.24,49.96,50
11/5/2013 0:00:00,50.36,50.72,49.68,49.88
11/6/2013 0:00:00,49.32,50.04,49.04,49.064
11/7/2013 0:00:00,48.84,51.08,48.8,50.8
11/8/2013 0:00:00,50.15,50.32,48.59,48.62
11/11/2013 0:00:00,48.69,48.97,48.45,48.52
11/12/2013 0:00:00,48.57,48.88,48.13,48.34
11/13/2013 0:00:00,49.04,49.12,48.04,48.15
11/14/2013 0:00:00,48.09,48.28,47.54,47.64
11/15/2013 0:00:00,47.33,47.42,47,47.03
11/18/2013 0:00:00,46.32,47.27,45.87,47.03
11/19/2013 0:00:00,46.81,48.1699,46.57,47.61
11/20/2013 0:00:00,48.08,48.19,45.9,46.65
11/21/2013 0:00:00,46.13,46.21,44.73,45.12
11/22/2013 0:00:00,44.85,45.09,44.42,44.45
11/25/2013 0:00:00,43.99,44.81,43.98,44.59
11/26/2013 0:00:00,44.56,44.965,44.26,44.84
11/27/2013 0:00:00,44.6,45.03,44.5533,44.84
11/29/2013 0:00:00,44.69,45.46,44.65,45.39
12/2/2013 0:00:00,45.22,46.12,45.21,45.8
12/3/2013 0:00:00,46.67,48.09,46.25,46.85
12/4/2013 0:00:00,47.87,48.53,46.37,46.49
12/5/2013 0:00:00,46.14,47.24,46.05,46.71
12/6/2013 0:00:00,45.71,45.83,44.81,45.13
12/9/2013 0:00:00,44.74,45.17,44.51,44.76
12/10/2013 0:00:00,45.06,45.24,44.7,45
12/11/2013 0:00:00,44.84,47.3,44.79,47.11
12/12/2013 0:00:00,46.89,48.26,46.54,47.31
12/13/2013 0:00:00,47.21,47.79,46.985,47.39
12/16/2013 0:00:00,46.87,47.73,46.67,47.45
12/17/2013 0:00:00,48.09,48.67,46.89,47.25
12/18/2013 0:00:00,46.8,47.57,43.83,43.88
12/19/2013 0:00:00,44.23,44.56,43.78,44.33
12/20/2013 0:00:00,44.02,44.73,43.6875,44.62
12/23/2013 0:00:00,44.05,44.22,42.91,43.04
12/24/2013 0:00:00,42.38,42.68,42.02,42.16
12/26/2013 0:00:00,41.25,41.498,41.16,41.46
12/27/2013 0:00:00,41.28,42.27,41.2,42
12/30/2013 0:00:00,42.16,42.84,41.92,42.57
12/31/2013 0:00:00,42.11,43.27,42.07,42.55
1/2/2014 0:00:00,43.22,43.75,43.08,43.44
1/3/2014 0:00:00,43.12,43.65,42.59,43.16
1/6/2014 0:00:00,42.48,43.1,42.14,42.73
1/7/2014 0:00:00,42.23,42.3,41.56,41.72
1/8/2014 0:00:00,41.89,42.12,41.5,41.77
1/9/2014 0:00:00,41.67,42.1,41.5,41.83
1/10/2014 0:00:00,41.5,42.28,40.76,40.84
1/13/2014 0:00:00,40.99,43,40.27,42.31
1/14/2014 0:00:00,41.84,41.85,40.54,40.62
1/15/2014 0:00:00,40.55,41.29,40,40.81
1/16/2014 0:00:00,40.9,41.49,40.76,40.98
1/17/2014 0:00:00,41.15,41.35,40.57,41.13
1/21/2014 0:00:00,40.72,41.35,40.53,40.58
1/22/2014 0:00:00,40.15,40.4,39.85,39.97
1/23/2014 0:00:00,40.45,42.03,40.37,41.09
1/24/2014 0:00:00,42.22,45.47,42.1,44.69
1/27/2014 0:00:00,44.65,48.4,43.82,45.39
1/28/2014 0:00:00,45.43,45.68,43.08,43.55
1/29/2014 0:00:00,45.72,47.17,44.39,46.45
1/30/2014 0:00:00,45.03,46.22,44.4,45.66
1/31/2014 0:00:00,50.1,50.16,47.48,49.51
2/3/2014 0:00:00,50.02,53.52,49.31,53.02
2/4/2014 0:00:00,52.13,53.01,51.12,51.83
2/5/2014 0:00:00,52.93,55.22,52.44,53.87
2/6/2014 0:00:00,53.19,53.21,48.34,48.51
2/7/2014 0:00:00,47.2,47.4,44.56,45.46
2/10/2014 0:00:00,45.34,45.99,44.65,45.53
2/11/2014 0:00:00,44.77,45.19,43.33,43.81
2/12/2014 0:00:00,43.2,44.1,42.83,42.9
2/13/2014 0:00:00,44.205,44.21,42.54,42.591
2/14/2014 0:00:00,42.48,42.74,41.585,41.95
2/18/2014 0:00:00,41.59,42.55,41.33,41.43
2/19/2014 0:00:00,41.92,44.47,41.5,44.17
2/20/2014 0:00:00,43.72,44.55,42.37,42.54
2/21/2014 0:00:00,42.07,43.22,41.75,43.01
2/24/2014 0:00:00,42.8,42.93,42,42.7
2/25/2014 0:00:00,42.58,43.57,42.2,42.69
2/26/2014 0:00:00,42.6,43.89,42.34,43.2
2/27/2014 0:00:00,43.92,44.13,42.91,43.1
2/28/2014 0:00:00,43.14,44.68,42.34,43.87
3/3/2014 0:00:00,46.45,47.36,45.19,46.28
3/4/2014 0:00:00,43.72,43.9,43.08,43.24
3/5/2014 0:00:00,43.22,43.88,42.88,43.2
3/6/2014 0:00:00,43.04,43.57,42.75,42.97
3/7/2014 0:00:00,42.66,44.34,42.6,43.9
3/10/2014 0:00:00,44.24,45.15,43.58,43.7199
3/11/2014 0:00:00,43.63,44.6099,43.07,44.33
3/12/2014 0:00:00,45.24,45.57,44.07,44.31
3/13/2014 0:00:00,43.7,46.77,43.62,46.1
3/14/2014 0:00:00,47.02,48.17,46.14,47.4
3/17/2014 0:00:00,46.03,46.08,44.93,45.18
3/18/2014 0:00:00,44.12,44.41,43.31,43.4
3/19/2014 0:00:00,43.5,45.75,42.99,44.25
3/20/2014 0:00:00,44.52,44.84,43.74,43.98
3/21/2014 0:00:00,43.38,44.49,43.25,44.28
3/24/2014 0:00:00,44.11,45.48,43.86,44.37
3/25/2014 0:00:00,43.8,44.59,43.67,43.81
3/26/2014 0:00:00,43.36,44.61,43.3,44.61
3/27/2014 0:00:00,44.53,45.0478,43.997,44.07
3/28/2014 0:00:00,43.68,44.16,43.31,43.55
3/31/2014 0:00:00,43.12,43.15,42.11,42.15
4/1/2014 0:00:00,42.03,42.06,40.73,40.74
4/2/2014 0:00:00,40.83,41.44,40.72,41.04
4/3/2014 0:00:00,41.02,41.54,40.93,40.99
4/4/2014 0:00:00,40.29,42.36,40.2499,41.84
4/7/2014 0:00:00,42.25,43.4125,41.94,42.8
4/8/2014 0:00:00,42.61,43.3599,42,42.02
4/9/2014 0:00:00,41.52,42.07,40.9,40.98
4/10/2014 0:00:00,41.04,43.6,40.96,43.4401
4/11/2014 0:00:00,43.97,45.36,43.33,44.75
4/14/2014 0:00:00,43.95,45.87,43.76,44.38
4/15/2014 0:00:00,44.12,46.35,43.61,43.92
4/16/2014 0:00:00,43.04,43.71,42.28,42.35
4/17/2014 0:00:00,42.49,42.72,41.62,41.71
4/21/2014 0:00:00,41.67,41.73,40.85,40.94
4/22/2014 0:00:00,41.03,41.22,40.57,40.89
4/23/2014 0:00:00,40.99,41.29,40.82,41
4/24/2014 0:00:00,40.77,41.77,40.72,41.55
4/25/2014 0:00:00,41.82,42.5977,41.71,41.83
4/28/2014 0:00:00,41.5,42.31,40.86,40.95
4/29/2014 0:00:00,40.72,40.913,40.15,40.2
4/30/2014 0:00:00,40.39,40.6,39.96,40.25
5/1/2014 0:00:00,40.35,40.49,39.86,40.21
5/2/2014 0:00:00,39.93,40.46,39.73,40
5/5/2014 0:00:00,40.61,40.85,39.55,39.56
5/6/2014 0:00:00,39.75,40,39.31,39.825
5/7/2014 0:00:00,39.68,40.35,39.01,39.0479
5/8/2014 0:00:00,38.99,39.3738,38.23,39.1199
5/9/2014 0:00:00,38.97,39.5,38.24,38.27
5/12/2014 0:00:00,37.81,37.94,37.02,37.1299
5/13/2014 0:00:00,37.04,37.28,36.82,37.24
5/14/2014 0:00:00,37.31,37.52,36.67,37.03
5/15/2014 0:00:00,37.25,38.27,37.1,37.42
5/16/2014 0:00:00,37.12,37.56,36.54,36.55
5/19/2014 0:00:00,36.71,36.78,36.06,36.11
5/20/2014 0:00:00,36,36.52,35.57,35.79
5/21/2014 0:00:00,35.47,35.58,35.08,35.22
5/22/2014 0:00:00,35.26,35.44,34.91,35.24
5/23/2014 0:00:00,35.22,35.23,34.82,34.95
5/27/2014 0:00:00,34.3,34.45,33.82,33.87
5/28/2014 0:00:00,33.85,34.29,33.65,33.78
5/29/2014 0:00:00,33.58,33.87,33.41,33.64
5/30/2014 0:00:00,33.64,33.79,33.52,33.52
6/2/2014 0:00:00,33.56,33.9,33.32,33.38
6/3/2014 0:00:00,33.58,33.75,33.35,33.4969
6/4/2014 0:00:00,33.65,33.74,32.93,33.15
6/5/2014 0:00:00,32.75,33.02,31.82,31.95
6/6/2014 0:00:00,31.16,31.21,30.31,30.35
6/9/2014 0:00:00,30.18,30.829,29.9,30.74
6/10/2014 0:00:00,30.89,31.07,30.17,30.21
6/11/2014 0:00:00,30.75,31.31,30.51,30.89
6/12/2014 0:00:00,31.08,32.92,30.95,32.37
6/13/2014 0:00:00,32.11,32.67,31.48,31.82
6/16/2014 0:00:00,31.96,32.33,31.41,31.77
6/17/2014 0:00:00,31.65,31.83,30.59,30.67
6/18/2014 0:00:00,30.56,30.6099,28.97,29.0199
6/19/2014 0:00:00,28.82,29.4025,28.59,29.17
6/20/2014 0:00:00,29.06,29.58,28.83,29.56
6/23/2014 0:00:00,29.4,29.72,28.74,28.83
6/24/2014 0:00:00,29.1,30.1299,28.67,29.86
6/25/2014 0:00:00,30.4,30.41,28.73,28.75
6/26/2014 0:00:00,28.7,29.86,28.7,29.11
6/27/2014 0:00:00,29.41,29.49,28.8,28.86
6/30/2014 0:00:00,28.8,28.9322,28.25,28.6
7/1/2014 0:00:00,28.29,28.44,27.54,27.8425
7/2/2014 0:00:00,27.76,27.79,27.27,27.55
7/3/2014 0:00:00,27.06,27.27,26.95,27.17
7/7/2014 0:00:00,27.37,27.82,27.31,27.77
7/8/2014 0:00:00,27.91,28.79,27.91,28.19
7/9/2014 0:00:00,27.8,28,27.45,27.65
7/10/2014 0:00:00,29.14,29.2,28.17,28.58
7/11/2014 0:00:00,28.55,28.78,28.19,28.3
7/14/2014 0:00:00,27.64,27.66,27.2,27.48
7/15/2014 0:00:00,27.23,28.44,27.16,27.95
7/16/2014 0:00:00,27.12,27.77,27.02,27.27
7/17/2014 0:00:00,27.63,30.54,27.25,29.9299
7/18/2014 0:00:00,28.73,28.95,27.645,27.89
7/21/2014 0:00:00,28.15,29.12,28.05,28.51
7/22/2014 0:00:00,27.82,28.16,27.57,27.94
7/23/2014 0:00:00,27.76,28.33,27.71,28.18
7/24/2014 0:00:00,27.94,28.44,27.91,27.99
7/25/2014 0:00:00,28.48,28.985,28.41,28.83
7/28/2014 0:00:00,28.68,29.46,28.51,28.65
7/29/2014 0:00:00,28.51,28.871,28.13,28.62
7/30/2014 0:00:00,28.29,29.2,28.2599,29.08
7/31/2014 0:00:00,30,31.9,29.86,31.5399
8/1/2014 0:00:00,31.77,33.73,30.6,33.01
8/4/2014 0:00:00,32.75,33.17,30.8157,31.545
8/5/2014 0:00:00,32.18,34.28,31.82,33.79
8/6/2014 0:00:00,34.39,34.47,32.55,33.91
8/7/2014 0:00:00,33.03,35.25,32.7928,34.62
8/8/2014 0:00:00,34.62,35.12,33.11,33.21
8/11/2014 0:00:00,32.55,32.71,31.02,31.85
8/12/2014 0:00:00,31.74,32.06,31.16,31.65
8/13/2014 0:00:00,30.87,31.08,29.71,29.89
8/14/2014 0:00:00,29.45,29.59,28.79,28.88
8/15/2014 0:00:00,28.26,30.49,28.11,28.88
8/18/2014 0:00:00,27.99,28.18,27.8,27.8
8/19/2014 0:00:00,27.45,27.71,27.3799,27.5
8/20/2014 0:00:00,27.92,28.29,27.6,27.71
8/21/2014 0:00:00,27.77,28.149,27.69,27.81
8/22/2014 0:00:00,27.74,28.29,27.53,27.7
8/25/2014 0:00:00,27.36,27.64,27.24,27.4
8/26/2014 0:00:00,27.43,27.76,27.35,27.63
8/27/2014 0:00:00,27.72,28.09,27.59,27.83
8/28/2014 0:00:00,28.66,28.73,28.03,28.27
8/29/2014 0:00:00,27.98,28.42,27.9,28.11
9/2/2014 0:00:00,28.06,28.53,27.97,28.28
9/3/2014 0:00:00,27.82,28.3,27.82,27.95
9/4/2014 0:00:00,27.76,28.34,27.38,28.01
9/5/2014 0:00:00,27.87,28.34,27.38,27.45
9/8/2014 0:00:00,27.53,27.85,27.39,27.51
9/9/2014 0:00:00,27.67,28.43,27.64,28.23
9/10/2014 0:00:00,28.29,28.84,27.92,28.07
9/11/2014 0:00:00,28.57,28.7,27.95,28
9/12/2014 0:00:00,28.09,29.08,28.02,28.6199
9/15/2014 0:00:00,28.74,29.53,28.74,29.36
9/16/2014 0:00:00,29.67,29.69,27.8,27.879
9/17/2014 0:00:00,27.75,28,27.04,27.63
9/18/2014 0:00:00,27.43,27.57,27.18,27.2
9/19/2014 0:00:00,26.94,27.61,26.8101,27.23
9/22/2014 0:00:00,27.55,28.41,27.51,28.16
9/23/2014 0:00:00,28.89,29.24,28.35,29.2301
9/24/2014 0:00:00,29.06,29.34,28.22,28.29
9/25/2014 0:00:00,28.54,30.8,28.53,30.32
9/26/2014 0:00:00,30.13,30.3,29.02,29.37
9/29/2014 0:00:00,30.96,31.31,30.05,30.81
9/30/2014 0:00:00,30.93,31.43,30.32,31.179
10/1/2014 0:00:00,31.17,32.67,31.12,31.89
10/2/2014 0:00:00,32.04,32.95,30.98,31.56
10/3/2014 0:00:00,30.49,30.68,29.31,29.62
10/6/2014 0:00:00,28.97,30.27,28.67,30.08
10/7/2014 0:00:00,30.84,32.3,30.75,32.27
10/8/2014 0:00:00,32.42,32.7,29.43,29.55
10/9/2014 0:00:00,29.92,32.33,29.72,32.21
10/10/2014 0:00:00,32.41,35.89,31.74,35.85
10/13/2014 0:00:00,35.24,39.66,34.64,39.56
10/14/2014 0:00:00,38.49,40.44,36.5,38.93
10/15/2014 0:00:00,41.58,44.25,39.18,39.41
10/16/2014 0:00:00,44.26,44.6,39.36,40.33
10/17/2014 0:00:00,37.53,39.42,36.9,38.58
10/20/2014 0:00:00,38.8,39.01,35.54,35.6
10/21/2014 0:00:00,34.28,34.56,32.78,32.99
10/22/2014 0:00:00,32.7,35.72,32.29,35.52
10/23/2014 0:00:00,33.35,34.07,32.54,33.48
10/24/2014 0:00:00,33.48,35.33,32.91,33.17
10/27/2014 0:00:00,33.67,34.29,32.51,32.67
10/28/2014 0:00:00,32.19,32.23,30.48,30.5
10/29/2014 0:00:00,30.59,31.95,30.42,31.019
10/30/2014 0:00:00,31.68,32.16,30.5,31.14
10/31/2014 0:00:00,30.14,30.83,30.1,30.32
11/3/2014 0:00:00,30.28,31.17,30.13,30.81
11/4/2014 0:00:00,31.06,31.91,30.529,30.62
11/5/2014 0:00:00,30.03,30.79,30.01,30.24
11/6/2014 0:00:00,30.02,30.59,29.32,29.45
11/7/2014 0:00:00,29.39,29.75,28.9649,29.03
11/10/2014 0:00:00,28.87,28.96,27.6999,27.89
11/11/2014 0:00:00,27.76,28.48,27.63,27.9
11/12/2014 0:00:00,28.59,28.64,27.96,28.28
11/13/2014 0:00:00,28.35,29.38,27.99,28.57
11/14/2014 0:00:00,28.73,29.26,28.55,28.66
11/17/2014 0:00:00,28.91,29.11,28.29,28.6
11/18/2014 0:00:00,28.41,28.43,27.7301,28.1
11/19/2014 0:00:00,28.46,29.05,28.31,28.78
11/20/2014 0:00:00,29.29,29.37,28.33,28.48
11/21/2014 0:00:00,27.62,28.1496,27.6,27.92
11/24/2014 0:00:00,27.64,27.8,27.28,27.31
11/25/2014 0:00:00,27.18,27.51,27.0301,27.12
11/26/2014 0:00:00,27.14,27.19,26.59,26.7
11/28/2014 0:00:00,26.78,27.48,26.6,27.4
12/1/2014 0:00:00,27.94,28.81,27.841,28.569
12/2/2014 0:00:00,28.52,28.53,26.92,26.97
12/3/2014 0:00:00,26.62,26.83,26.4,26.52
12/4/2014 0:00:00,26.83,27.33,26.27,26.54
12/5/2014 0:00:00,26.11,26.3243,25.6411,26.1
12/8/2014 0:00:00,26.25,27.41,25.83,27.05
12/9/2014 0:00:00,28.51,29,27.21,27.44
12/10/2014 0:00:00,27.96,30.37,27.85,30.33
12/11/2014 0:00:00,29.92,32.19,28.65,32.138
12/12/2014 0:00:00,33.51,34.11,31.85,33.89
12/15/2014 0:00:00,32.29,34.37,31.44,33.05
12/16/2014 0:00:00,33.84,34.66,31.13,34.63
12/17/2014 0:00:00,35.08,35.13,31,31.09
12/18/2014 0:00:00,29.63,31.06,29.52,30.17
12/19/2014 0:00:00,30.05,30.51,29.48,29.9
12/22/2014 0:00:00,29.12,29.33,28.46,28.49
12/23/2014 0:00:00,28.3,29.12,28.29,28.51
12/24/2014 0:00:00,28.2,28.53,28.14,28.31
12/26/2014 0:00:00,28.29,28.73,28.1,28.59
12/29/2014 0:00:00,28.76,28.88,28.27,28.51
12/30/2014 0:00:00,28.93,29.36,28.55,29.2
12/31/2014 0:00:00,29.06,32.07,28.93,31.51
1/2/2015 0:00:00,30.47,32.82,30.11,30.99
1/5/2015 0:00:00,31.85,33.73,31.71,33.21
1/6/2015 0:00:00,33.04,35.2,32.61,33.95
1/7/2015 0:00:00,32.97,33.71,32.42,32.88
1/8/2015 0:00:00,31.64,31.7532,30.63,30.77
1/9/2015 0:00:00,30.44,32.24,30.41,31.98
1/12/2015 0:00:00,32.26,34.32,32.11,33.4899
1/13/2015 0:00:00,32.74,35.36,32.29,34.39
1/14/2015 0:00:00,36.08,36.43,34.94,35.121
1/15/2015 0:00:00,34.71,36.28,34.22,36.13
1/16/2015 0:00:00,36.22,36.95,35.01,35.47
1/20/2015 0:00:00,34.36,36.29,34.3,35.12
1/21/2015 0:00:00,35.53,35.98,33.38,33.45
1/22/2015 0:00:00,32.5,33.76,31.24,31.3
1/23/2015 0:00:00,31.72,32.24,30.83,32.1
1/26/2015 0:00:00,31.8,32.44,30.63,30.63
1/27/2015 0:00:00,32.2,32.52,31.06,32
1/28/2015 0:00:00,31.18,34.99,31.1751,34.67
1/29/2015 0:00:00,34.67,35.9,33.28,33.5
1/30/2015 0:00:00,34.57,37.07,33.87,36.8701
2/2/2015 0:00:00,35.66,37.35,34.86,34.9
2/3/2015 0:00:00,34.28,34.63,33.12,33.24
2/4/2015 0:00:00,33.66,34.36,32.7,34.15
2/5/2015 0:00:00,33.76,33.8,32.68,32.91
2/6/2015 0:00:00,32.51,35.03,32.29,34.3
2/9/2015 0:00:00,34.92,35.22,34.32,34.47
2/10/2015 0:00:00,33.66,34.32,32.97,33.15
2/11/2015 0:00:00,33.48,33.96,33.23,33.31
2/12/2015 0:00:00,32.56,32.72,31.2,31.35
2/13/2015 0:00:00,31.19,31.79,30.8,30.97
2/17/2015 0:00:00,31.22,31.49,30.79,31.05
2/18/2015 0:00:00,31.39,31.4699,30.63,30.81
2/19/2015 0:00:00,31.11,31.16,30.05,30.12
2/20/2015 0:00:00,30.68,30.88,28.8,29.05
2/23/2015 0:00:00,29.32,29.53,29.01,29.14
2/24/2015 0:00:00,29.02,29.07,27.77,27.96
2/25/2015 0:00:00,27.98,28.4,26.83,28.1
2/26/2015 0:00:00,28,28.57,27.4,27.78
2/27/2015 0:00:00,27.73,27.99,27.18,27.619
3/2/2015 0:00:00,27.47,27.58,26.67,26.7
3/3/2015 0:00:00,26.95,27.98,26.83,27.28
3/4/2015 0:00:00,27.66,28.26,27.14,27.22
3/5/2015 0:00:00,27,27.43,26.82,26.88
3/6/2015 0:00:00,27.26,28.2,26.87,28.03
3/9/2015 0:00:00,27.86,28.07,27.39,27.66
3/10/2015 0:00:00,28.43,28.91,28.24,28.51
3/11/2015 0:00:00,28.59,29.44,28.51,29.23
3/12/2015 0:00:00,28.69,28.74,27.4,27.48
3/13/2015 0:00:00,27.58,28.83,27.44,28.1
3/16/2015 0:00:00,27.74,27.82,27.15,27.41
3/17/2015 0:00:00,27.82,28.02,27.2,27.3
3/18/2015 0:00:00,27.47,27.679,25.88,26.13
3/19/2015 0:00:00,26.5,26.81,26.04,26.13
3/20/2015 0:00:00,25.81,25.99,24.94,25.729
3/23/2015 0:00:00,25.52,25.56,24.96,25.24
3/24/2015 0:00:00,25.28,25.44,24.66,25.15
3/25/2015 0:00:00,25.03,26.3004,24.88,26.27
3/26/2015 0:00:00,26.77,27.04,25.87,26.05
3/27/2015 0:00:00,26.03,26.12,25.62,25.74
3/30/2015 0:00:00,25.11,25.19,24.82,24.96
3/31/2015 0:00:00,25.06,26.98,24.5,25.63
4/1/2015 0:00:00,25.61,26.38,25.52,25.52
4/2/2015 0:00:00,25.38,25.52,24.97,25.057
4/6/2015 0:00:00,25.31,25.41,24.3,24.53
4/7/2015 0:00:00,24.35,24.4699,24.07,24.45
4/8/2015 0:00:00,24.3,24.46,23.92,23.97
4/9/2015 0:00:00,23.87,24.14,23.12,23.14
4/10/2015 0:00:00,22.94,22.99,22.1,22.13
4/13/2015 0:00:00,21.82,22.9,21.61,22.66
4/14/2015 0:00:00,22.94,23.12,22.25,22.47
4/15/2015 0:00:00,22.14,22.2,21.73,21.98
4/16/2015 0:00:00,22.06,22.145,21.31,21.52
4/17/2015 0:00:00,22.22,22.86,22.11,22.29
4/20/2015 0:00:00,21.82,21.945,21.38,21.54
4/21/2015 0:00:00,21.27,21.78,21.19,21.53
4/22/2015 0:00:00,21.42,21.835,21.19,21.3
4/23/2015 0:00:00,21.41,21.52,20.9,21.1
4/24/2015 0:00:00,20.96,21.14,20.81,20.89
4/27/2015 0:00:00,20.69,21.635,20.62,21.45
4/28/2015 0:00:00,21.63,22.22,20.73,20.77
4/29/2015 0:00:00,21.225,21.62,20.84,21.24
4/30/2015 0:00:00,21.55,22.29,21.3,21.84
5/1/2015 0:00:00,21.54,21.57,20.77,20.81
5/4/2015 0:00:00,20.63,21.06,20.48,20.82
5/5/2015 0:00:00,20.91,21.53,20.77,21.47
5/6/2015 0:00:00,21.25,22.58,21.15,21.86
5/7/2015 0:00:00,21.96,22.27,21.5,21.7
5/8/2015 0:00:00,20.85,21,20.5,20.61
5/11/2015 0:00:00,20.62,21.15,20.57,21.12
5/12/2015 0:00:00,21.47,21.75,20.9,21.05
5/13/2015 0:00:00,20.85,21.08,20.63,20.67
5/14/2015 0:00:00,20.43,20.54,20.24,20.26
5/15/2015 0:00:00,20.17,20.48,20.05,20.06
5/18/2015 0:00:00,20.05,20.1,19.24,19.42
5/19/2015 0:00:00,19.3,19.56,18.98,19.14
5/20/2015 0:00:00,19.1,19.44,18.99,19.18
5/21/2015 0:00:00,19.28,19.37,18.53,18.65
5/22/2015 0:00:00,18.6,18.765,18.45,18.68
5/26/2015 0:00:00,18.88,19.58,18.81,19.3892
5/27/2015 0:00:00,19.22,19.35,18.55,18.69
5/28/2015 0:00:00,18.9,19.16,18.77,18.88
5/29/2015 0:00:00,18.92,19.26,18.73,19.02
6/1/2015 0:00:00,18.78,19.12,18.615,18.84
6/2/2015 0:00:00,19.04,19.23,18.78,19.12
6/3/2015 0:00:00,18.95,19.09,18.73,18.79
6/4/2015 0:00:00,19.04,19.53,18.93,19.41
6/5/2015 0:00:00,19.45,19.62,19.03,19.1
6/8/2015 0:00:00,19.16,19.62,19.1155,19.47
6/9/2015 0:00:00,19.55,19.73,19.15,19.25
6/10/2015 0:00:00,18.96,19,18.36,18.46
6/11/2015 0:00:00,18.21,18.295,17.92,18.02
6/12/2015 0:00:00,18.26,18.6,18.19,18.25
6/15/2015 0:00:00,18.7,19.06,18.62,19.02
6/16/2015 0:00:00,19.19,19.3,18.57,18.71
6/17/2015 0:00:00,18.59,19.06,18.42,18.63
6/18/2015 0:00:00,18.37,18.43,17.87,18.1
6/19/2015 0:00:00,18.08,18.35,18.025,18.23
6/22/2015 0:00:00,17.82,17.95,17.42,17.47
6/23/2015 0:00:00,17.35,17.3798,16.98,17.01
6/24/2015 0:00:00,17.09,17.35,16.85,17.31
6/25/2015 0:00:00,17.18,17.57,17.02,17.46
6/26/2015 0:00:00,17.37,17.74,17.25,17.35
6/29/2015 0:00:00,18.44,20.5,18.16,20.31
6/30/2015 0:00:00,19.25,21.11,19.2,20.1
7/1/2015 0:00:00,19.09,19.755,18.73,18.77
7/2/2015 0:00:00,18.78,20.32,18.7,19.97
7/6/2015 0:00:00,20.91,21.1,20.01,20.48
7/7/2015 0:00:00,20.42,21.58,19.4,19.4
7/8/2015 0:00:00,20.22,21.39,20.0099,21.35
7/9/2015 0:00:00,20.18,21.64,20.1,21.51
7/10/2015 0:00:00,20.39,21.03,19.7701,19.86
7/13/2015 0:00:00,18.75,18.87,17.82,17.92
7/14/2015 0:00:00,17.945,18.0388,17.39,17.76
7/15/2015 0:00:00,17.68,18.13,17.44,17.7
7/16/2015 0:00:00,17.12,17.17,16.495,16.53
7/17/2015 0:00:00,16.42,16.64,16.37,16.4
7/20/2015 0:00:00,16.37,16.48,15.99,16.33
7/21/2015 0:00:00,16.26,16.49,16.17,16.2
7/22/2015 0:00:00,16.63,16.65,15.97,16.12
7/23/2015 0:00:00,15.98,16.57,15.89,16.29
7/24/2015 0:00:00,16.35,17.09,16.18,16.84
7/27/2015 0:00:00,17.52,18.12,17.28,17.72
7/28/2015 0:00:00,17.22,17.67,16.28,16.49
7/29/2015 0:00:00,16.35,16.44,16.01,16.16
7/30/2015 0:00:00,16.22,16.57,15.98,16.05
7/31/2015 0:00:00,15.94,16.25,15.79,16.02
8/3/2015 0:00:00,15.97,16.445,15.74,15.78
8/4/2015 0:00:00,15.89,16.14,15.7,15.83
8/5/2015 0:00:00,15.79,15.95,15.48,15.74
8/6/2015 0:00:00,15.745,16.6,15.73,16.26
8/7/2015 0:00:00,16.24,16.61,16.03,16.13
8/10/2015 0:00:00,15.74,15.74,15.51,15.57
8/11/2015 0:00:00,16.13,16.555,15.91,16.22
8/12/2015 0:00:00,17.1,17.41,16.08,16.24
8/13/2015 0:00:00,16.07,16.4,15.79,16.04
8/14/2015 0:00:00,15.995,16.24,15.85,15.99
8/17/2015 0:00:00,16.16,16.34,15.765,15.8108
8/18/2015 0:00:00,15.87,16.08,15.71,15.97
8/19/2015 0:00:00,16.2,16.69,15.81,16.26
8/20/2015 0:00:00,16.99,17.82,16.77,17.62
8/21/2015 0:00:00,18.62,20.73,18.07,20.72
8/24/2015 0:00:00,27.15,28.22,21.56,24.39
8/25/2015 0:00:00,22.2954,26.64,21.72,26.58
8/26/2015 0:00:00,24.32,27.17,23.85,24.12
8/27/2015 0:00:00,23.115,26.2,23.06,24.71
8/28/2015 0:00:00,25.5,27.11,25.11,25.84
8/31/2015 0:00:00,26.19,27.06,25.88,26.85
9/1/2015 0:00:00,29.29,31.48,28.52,30.76
9/2/2015 0:00:00,29.01,30.17,27.46,27.47
9/3/2015 0:00:00,26.62,28.12,25.46,27.32
9/4/2015 0:00:00,28.62,29.98,27.97,29.32
9/8/2015 0:00:00,27.61,27.97,26.66,26.74
9/9/2015 0:00:00,25.31,27.56,25.26,27.35
9/10/2015 0:00:00,28.165,28.31,26.65,26.68
9/11/2015 0:00:00,26.77,27.24,26.02,26.04
9/14/2015 0:00:00,25.97,26.65,25.96,26.05
9/15/2015 0:00:00,25.69,25.88,23.42,23.5
9/16/2015 0:00:00,22.62,23.36,22.01,22.09
9/17/2015 0:00:00,21.98,22.5,20.04,21.97
9/18/2015 0:00:00,24.11,24.99,23.26,24.68
9/21/2015 0:00:00,23.92,24.21,22.96,23.05
9/22/2015 0:00:00,24.19,25.57,23.83,24.35
9/23/2015 0:00:00,24.38,24.71,23.58,23.8
9/24/2015 0:00:00,24.95,26.19,24.27,24.44
9/25/2015 0:00:00,23.47,25.679,23.45,25.09
9/28/2015 0:00:00,25.97,27.54,25.73,26.84
9/29/2015 0:00:00,26.53,27.54,25.87,26.89
9/30/2015 0:00:00,25.71,26.41,25.44,25.63
10/1/2015 0:00:00,25.68,26.5,25.32,25.34
10/2/2015 0:00:00,26.28,26.53,24,24.03
10/5/2015 0:00:00,23.53,23.6,22.5,22.64
10/6/2015 0:00:00,22.58,23.27,22.25,22.9
10/7/2015 0:00:00,22.6,23.14,22.28,22.34
10/8/2015 0:00:00,22.29,22.55,21,21.28
10/9/2015 0:00:00,21.2,21.92,20.97,21.27
10/12/2015 0:00:00,21.21,21.42,19.77,20
10/13/2015 0:00:00,20.41,21.12,19.69,21
10/14/2015 0:00:00,21.24,21.99,20.81,21.43
10/15/2015 0:00:00,21.01,21.19,19.79,19.9
10/16/2015 0:00:00,19.56,20.45,19.54,19.69
10/19/2015 0:00:00,19.75,19.82,18.27,18.32
10/20/2015 0:00:00,18.5,19.29,18.22,18.95
10/21/2015 0:00:00,18.76,20.39,18.53,20.29
10/22/2015 0:00:00,19.75,19.76,18.41,18.44
10/23/2015 0:00:00,18,19.0056,17.96,18.63
10/26/2015 0:00:00,18.91,19.3,18.66,19.29
10/27/2015 0:00:00,19.52,19.53,18.8,18.88
10/28/2015 0:00:00,18.8,19.42,18.27,18.34
10/29/2015 0:00:00,18.61,18.93,18.38,18.58
10/30/2015 0:00:00,18.62,18.89,18.35,18.83
11/2/2015 0:00:00,18.8,18.88,17.721,17.88
11/3/2015 0:00:00,18.08,18.37,17.78,18.24
11/4/2015 0:00:00,18.12,19.025,18.05,18.82
11/5/2015 0:00:00,18.83,19.17,18.37,18.44
11/6/2015 0:00:00,18.45,18.9,18.04,18.04
11/9/2015 0:00:00,18.15,19.33,18.07,19.03
11/10/2015 0:00:00,19.25,19.33,18.36,18.49
11/11/2015 0:00:00,18.32,18.9,18.29,18.9
11/12/2015 0:00:00,19.4,20.61,19.16,20.56
11/13/2015 0:00:00,20.67,22.07,20.5,21.96
11/16/2015 0:00:00,21.89,22.06,19.7,19.75
11/17/2015 0:00:00,19.51,21.18,19.4,20.83
11/18/2015 0:00:00,20.42,20.46,19.41,19.45
11/19/2015 0:00:00,19.63,20.36,19.54,20.11
11/20/2015 0:00:00,19.49,19.63,19.19,19.43
11/23/2015 0:00:00,19.32,19.52,18.8,18.9
11/24/2015 0:00:00,19.44,19.67,18.795,19.03
11/25/2015 0:00:00,18.94,19.12,18.621,18.74
11/27/2015 0:00:00,18.67,18.96,18.64,18.91
11/30/2015 0:00:00,18.78,19.02,18.65,18.8
12/1/2015 0:00:00,18.55,18.73,17.96,17.98
12/2/2015 0:00:00,18.02,18.82,17.72,18.68
12/3/2015 0:00:00,18.34,20.48,18.25,20.02
12/4/2015 0:00:00,19.43,19.61,18.19,18.2185
12/7/2015 0:00:00,18.23,19.28,18.23,18.65
12/8/2015 0:00:00,19.41,19.68,18.79,19.23
12/9/2015 0:00:00,19.48,20.59,18.754,19.99
12/10/2015 0:00:00,20.11,20.5,19.55,20.28
12/11/2015 0:00:00,21.34,23.73,21.11,23.32
12/14/2015 0:00:00,23.14,24.28,21.45,21.67
12/15/2015 0:00:00,20.89,21.6,20.45,20.76
12/16/2015 0:00:00,20.01,20.52,18.97,19.34
12/17/2015 0:00:00,19.21,20.38,19.1989,20.1592
12/18/2015 0:00:00,20.83,21.96,20.59,21.77
12/21/2015 0:00:00,20.96,21.775,20.73,20.76
12/22/2015 0:00:00,20.08,20.36,19.51,19.74
12/23/2015 0:00:00,19.25,19.71,19.11,19.271
12/24/2015 0:00:00,19.41,19.68,19.33,19.62
12/28/2015 0:00:00,19.96,20.36,19.36,19.39
12/29/2015 0:00:00,19.08,19.26,18.94,19.07
12/30/2015 0:00:00,19.29,19.7,19.24,19.62
12/31/2015 0:00:00,19.89,20.14,19.53,20.1
1/4/2016 0:00:00,21.66,22.34,21.25,21.339
1/5/2016 0:00:00,20.86,21.51,20.48,20.67
1/6/2016 0:00:00,22.045,22.06,21.24,21.29
1/7/2016 0:00:00,22.75,23.95,22.17,23.6
1/8/2016 0:00:00,22.75,25.16,22.49,24.83
1/11/2016 0:00:00,24.55,26.73,23.82,24.02
1/12/2016 0:00:00,23.05,24.46,22.825,22.91
1/13/2016 0:00:00,22.46,25.6599,22.39,25.2
1/14/2016 0:00:00,24.97,26.15,23.63,24.29
1/15/2016 0:00:00,26.98,27.64,25.9589,26.7
1/19/2016 0:00:00,25.69,27.95,25.68,26.71
1/20/2016 0:00:00,27.59,29.71,26.79,27.411
1/21/2016 0:00:00,27.08,28.48,26.32,27.29
1/22/2016 0:00:00,26.04,26.31,24.98,25
1/25/2016 0:00:00,25.315,26.37,24.92,26.24
1/26/2016 0:00:00,25.87,26.22,24.96,24.99
1/27/2016 0:00:00,25.3,26.38,24.3,26.0192
1/28/2016 0:00:00,25.17,26.3,24.96,25.15
1/29/2016 0:00:00,24.97,25.08,24.045,24.12
2/1/2016 0:00:00,24.25,24.675,23.55,23.84
2/2/2016 0:00:00,24.59,25.63,24.55,25.4
2/3/2016 0:00:00,25,26.86,24.97,25.12
2/4/2016 0:00:00,25.43,25.74,24.76,25.36
2/5/2016 0:00:00,25.31,26.81,25.29,26.36
2/8/2016 0:00:00,27.37,28.75,27.1,27.62
2/9/2016 0:00:00,28.73,28.855,27.3,27.88
2/10/2016 0:00:00,27.33,28.129,26.84,28.07
2/11/2016 0:00:00,29.97,30.85,29.13,29.78
2/12/2016 0:00:00,28.92,29.6,28.47,28.56
2/16/2016 0:00:00,27.58,28.06,27.13,27.25
